amplitude,iteration,spearman_with_base,top10_overlap_rate,top30_overlap_rate,w_topic_public_value_score,w_semantic_clarity_score,w_data_richness_score,w_machine_readability_score,w_timeliness_score,w_spatiotemporal_capability_score,w_combinability_score
0.1,1,0.9983034236134368,0.9716981132075472,0.9720475192173306,0.07477582198896794,0.1471803052852559,0.13642279188791148,0.24753244483411502,0.16716821565241452,0.14678461692758715,0.0801358034237481
0.1,2,0.9985928517169989,0.980083857442348,0.9720475192173306,0.07553438828213778,0.16439411536986498,0.12328000393373904,0.2543611905536064,0.15308545935328283,0.1479083191019476,0.08143652340542153
0.1,3,0.9996815505073904,0.9884696016771488,0.9849755415793152,0.0727283347004598,0.16886621103154356,0.13243471530070344,0.25047537135642145,0.15676542124592738,0.14477635783918733,0.07395358852575695
0.1,4,0.9982852671468219,0.9832285115303984,0.972396925227114,0.07171524435442286,0.17601791397311037,0.13474291327334328,0.2397436272196111,0.1611621690917279,0.13888045891914616,0.07773767316863826
0.1,5,0.9965625361977326,0.980083857442348,0.960167714884696,0.08138909202185429,0.1559822034091173,0.12258511166124322,0.25989909120917776,0.15179761387693697,0.14925733579038075,0.07908955203128984
0.1,6,0.9986073174797971,0.9853249475890985,0.9790356394129979,0.0788121693843544,0.15385510874571862,0.11647738042995964,0.2526026541742712,0.16340470209611574,0.15018284801783324,0.08466513715174726
0.1,7,0.9980768566799675,0.9779874213836478,0.9685534591194969,0.07050006080941137,0.1638881150094645,0.11983088533848153,0.2534650350367487,0.1507072572879663,0.15155651777161808,0.09005212874630958
0.1,8,0.9967403050659898,0.9821802935010482,0.9643605870020965,0.0797927364532583,0.16574625459730388,0.11495531031026796,0.2289385404563502,0.1705926968346078,0.1546507297369602,0.08532373161125163
0.1,9,0.9990212787047448,0.9811320754716981,0.9832285115303984,0.06973897879841039,0.15881003340772487,0.11951116522486203,0.2426420673443835,0.1654262259745506,0.15477327807703717,0.08909825117303155
0.1,10,0.9955344948497513,0.980083857442348,0.9552760307477288,0.07440443282080479,0.17241630665633426,0.14055941612387024,0.23044687175434894,0.15615297290329003,0.13283514366795246,0.09318485607339916
0.1,11,0.9996871871101172,0.9926624737945493,0.9884696016771488,0.07545420812201395,0.15978774978401244,0.12389088043429096,0.2520265735115105,0.16105052788944899,0.13948693082330274,0.08830312943542053
0.1,12,0.9977396480883143,0.9811320754716981,0.9720475192173306,0.08159457035964239,0.15935138571341229,0.11913322100507703,0.2340111766879599,0.1722345385375345,0.14726615975672816,0.08640894793964576
0.1,13,0.9982620418121522,0.980083857442348,0.9706498951781971,0.07853459872917713,0.17134305454072316,0.13233766518029935,0.2549251765740183,0.15276366863054586,0.12630290033640781,0.08379293600882835
0.1,14,0.9938214177811034,0.9758909853249476,0.9482879105520615,0.07814925329436206,0.17722018527359312,0.11651532881508878,0.22209099853442243,0.16923332240157118,0.14474100961593614,0.09204990206502625
0.1,15,0.9994928776035715,0.9916142557651991,0.9856743535988819,0.08177462181253244,0.16145649999785372,0.1238041024758728,0.23919627711803482,0.16208020544369212,0.14069515808797495,0.09099313506403915
0.1,16,0.999034811833635,0.9832285115303984,0.982879105520615,0.07893278792791529,0.1540987360869307,0.1340993032971497,0.2474738895348189,0.1550509169973714,0.15321792876200238,0.07712643739381163
0.1,17,0.9995498484331496,0.9905660377358491,0.9849755415793152,0.07632141229303484,0.1654966113460206,0.11306312405351365,0.24931337270925916,0.17037419276777957,0.13567004283800974,0.08976124399238244
0.1,18,0.9979346160913413,0.9727463312368972,0.9619147449336128,0.07981409613373223,0.16728153561921172,0.13674623558731822,0.2559802390798692,0.1443750969577421,0.13375470679555482,0.08204808982657176
0.1,19,0.9986492618743815,0.9811320754716981,0.9790356394129979,0.07698856360813612,0.15211288230494135,0.12203740813332507,0.25104640216369273,0.15899223878942828,0.1501114013215846,0.08871110367889179
0.1,20,0.9975479088257315,0.9874213836477987,0.9640111809923131,0.07247356273452495,0.15927017216038547,0.12672464581227094,0.2652036460647658,0.16176218353914354,0.13736930273192915,0.0771964869569799
0.1,21,0.9998509154844759,0.9926624737945493,0.9888190076869322,0.07034297937610315,0.16937232433776941,0.13012753988125786,0.24733594647920212,0.15902737113855314,0.14494530873614378,0.07884853005097062
0.1,22,0.995960436937553,0.9758909853249476,0.9524807826694619,0.06929315483854243,0.15048935925022536,0.13562927814927012,0.26865487382595393,0.1562256010140703,0.13408600089088088,0.08562173203105708
0.1,23,0.9997846664263479,0.9916142557651991,0.9877707896575821,0.07948541989008921,0.16591840690214366,0.1219279042313275,0.24228349339845406,0.16178654731524827,0.14514472845338142,0.08345349980935571
0.1,24,0.9991781224911366,0.980083857442348,0.982879105520615,0.07244763831844232,0.1722794146846969,0.13443479531727004,0.2393855438821718,0.14951258403411197,0.14666939967205705,0.08527062409124987
0.1,25,0.9980440489603397,0.9874213836477987,0.9685534591194969,0.07216659814411625,0.16657204624125427,0.11415173994620825,0.2586878378278552,0.1603137766321697,0.13922645886615326,0.08888154234224317
0.1,26,0.9967492790690272,0.9863731656184487,0.9556254367575122,0.07708575283441738,0.15771092151808094,0.1326124420670991,0.2632592647420005,0.14902940235950168,0.13603595886790798,0.08426625761099228
0.1,27,0.9981016601119238,0.9832285115303984,0.9682040531097135,0.0732736724899447,0.16642206429708936,0.13286176950227357,0.2618040317704336,0.15853914907316116,0.12823916336448046,0.07886014950261719
0.1,28,0.9961313085164417,0.9779874213836478,0.9594689028651293,0.08122239508801989,0.1514950803225698,0.12257845198993252,0.2569632936613651,0.1476678171017437,0.15110926743565192,0.08896369440071711
0.1,29,0.9985634832714892,0.9633123689727463,0.972396925227114,0.07382973506306104,0.17861491797702075,0.11680769642418906,0.23845423537012014,0.15141391350700575,0.15469121615948248,0.08618828549912075
0.1,30,0.9993198325785785,0.9863731656184487,0.9856743535988819,0.07233395906673379,0.15894593393158898,0.12929876681596517,0.24812524037324615,0.1528973225222537,0.14892534369914537,0.08947343359106695
0.1,31,0.996055029815414,0.9758909853249476,0.9587700908455625,0.07608188520106104,0.17648456508787988,0.11772025210970365,0.23341901805459597,0.17394659341897953,0.13181177399357588,0.09053591213420412
0.1,32,0.9991633788730908,0.989517819706499,0.9807826694619147,0.07330790797403451,0.1685924768295924,0.13500593417633333,0.24148608169781555,0.1551658192369309,0.13488165550568734,0.09156012457960594
0.1,33,0.9994227496010543,0.989517819706499,0.9835779175401816,0.06600926042670638,0.16842445003085962,0.13493605437725226,0.24774665799417558,0.16504165507595964,0.1371717640316236,0.08067015806342297
0.1,34,0.996831375785833,0.9842767295597484,0.9633123689727463,0.08341896353253778,0.1690407007729336,0.13177441153853484,0.2328649808936549,0.1641258476409041,0.13272739013310617,0.08604770548832857
0.1,35,0.9991540934300344,0.9853249475890985,0.9832285115303984,0.08026831329221493,0.16519792313561402,0.11872793003698817,0.2355448344780786,0.15954070156836336,0.14924526123882234,0.09147503624991857
0.1,36,0.9987118255773788,0.9821802935010482,0.9783368273934312,0.07392867916159895,0.15364555307420671,0.12077005441952987,0.2461514656148297,0.15868855838634227,0.15332879622024875,0.09348689312324372
0.1,37,0.9982576323527577,0.9758909853249476,0.9706498951781971,0.07615272887708609,0.15038626908794614,0.12351378634601651,0.26051304393540714,0.16790384576451578,0.13138002135363194,0.09015030463539642
0.1,38,0.9954470377269589,0.9853249475890985,0.9489867225716282,0.07541540844195455,0.16269171606955996,0.1216474650515938,0.26736156548988993,0.15449405682558973,0.1307580847783192,0.08763170334309257
0.1,39,0.9995454220016975,0.9863731656184487,0.9863731656184487,0.07553869783488841,0.1584509210164041,0.1272469300051445,0.254061494289291,0.17200953414759626,0.13637400528118693,0.07631841742548887
0.1,40,0.9989154580783494,0.9916142557651991,0.9769392033542977,0.07633522800867956,0.16468381561788195,0.11196425730707311,0.25408918049452744,0.164038933418211,0.14145296324817846,0.08743562190544857
0.1,41,0.9935476608157642,0.9591194968553459,0.9451432564640112,0.08058453702140424,0.152318034149017,0.13361077699436666,0.22983063241256316,0.1735077402126864,0.13771356609870603,0.09243471311125659
0.1,42,0.9962646650484069,0.9811320754716981,0.9619147449336128,0.07658888912361064,0.16882102297134063,0.1152885767440263,0.22652374244210344,0.16853612455072928,0.15235856625858377,0.09188307790960593
0.1,43,0.9949500327499261,0.9790356394129979,0.9503843466107617,0.07275412507386125,0.15520675971226178,0.12121306012549715,0.2636628666417197,0.14955402253967684,0.15020863273155843,0.08740053317542489
0.1,44,0.998607409029397,0.9664570230607966,0.9758909853249476,0.07496686405530287,0.14947317342184752,0.12395326550616702,0.25294888928690773,0.17933643018882753,0.13700969190504111,0.08231168563590616
0.1,45,0.9996191602013258,0.9947589098532494,0.9842767295597484,0.07395746463188092,0.16732808125163326,0.1163446688059617,0.24970183375735816,0.16373641249276893,0.1442767017353261,0.08465483732507091
0.1,46,0.9987163547948176,0.980083857442348,0.9793850454227813,0.07345101035338443,0.1537754625487528,0.11719979493048507,0.25519225955902947,0.1684751879597581,0.14753268847730058,0.08437359617128948
0.1,47,0.9988338176721707,0.9863731656184487,0.9779874213836478,0.07496980840807897,0.16167467817483425,0.12889439790763155,0.23792313441068166,0.16445853138968503,0.14598498484662428,0.08609446486246426
0.1,48,0.9955387663904475,0.9737945492662474,0.9580712788259959,0.0786405346515863,0.1780617733957148,0.13330927093982883,0.22728882064573372,0.1563876757775166,0.13887666658399497,0.08743525800562475
0.1,49,0.9971496022230388,0.9769392033542977,0.9643605870020965,0.07636967394854696,0.16126924614859733,0.1262145462296491,0.23356403114207028,0.17136619165784384,0.14489985383014517,0.08631645704314725
0.1,50,0.9987037646516848,0.980083857442348,0.9765897973445143,0.07490311225806681,0.1516406682543339,0.13236676670424052,0.24437836011269234,0.15732727721929554,0.1517095418603777,0.08767427359099322
0.1,51,0.9982397143794846,0.9832285115303984,0.9720475192173306,0.077645576527547,0.1560730317334949,0.12608859625438346,0.25408768182730407,0.15054741221555912,0.1463505486721439,0.08920715276956759
0.1,52,0.9986332301352207,0.9884696016771488,0.9716981132075472,0.07693755307056518,0.16460954714116907,0.1258063032873399,0.2576692346567086,0.1562059550042885,0.1343328792924243,0.08443852754750455
0.1,53,0.9947862258314286,0.9769392033542977,0.9454926624737946,0.07102852036213421,0.1693577341788365,0.11581913295139154,0.2687741796898934,0.15786765352660442,0.135578664710413,0.08157411458072696
0.1,54,0.9975654226207886,0.9842767295597484,0.9671558350803634,0.07584824632248675,0.1548245488787124,0.128352367121415,0.26048827367663635,0.155589904743303,0.14786438456885198,0.07703227468859458
0.1,55,0.9957980310983351,0.9853249475890985,0.9510831586303284,0.08189169277357917,0.1601445201319793,0.12537176350995136,0.2650543084128126,0.15136189283228058,0.12833788228030368,0.08783794005909348
0.1,56,0.999714266953836,0.9916142557651991,0.9881201956673655,0.07678114874506768,0.16538528541777198,0.11640507914507371,0.24882396774385054,0.1683841972422223,0.14125293364397037,0.08296738806204342
0.1,57,0.9996378767043751,0.989517819706499,0.9856743535988819,0.08217628658265438,0.15666528559247994,0.1359235109687591,0.247147640027827,0.1566586254518345,0.1366279425293521,0.08480070884709316
0.1,58,0.9969277770861743,0.9790356394129979,0.9633123689727463,0.08275961251268878,0.16346359696014678,0.12259424206810246,0.23340504332955153,0.17233502892681649,0.13315097307284787,0.0922915031298462
0.1,59,0.9980234592562811,0.9874213836477987,0.9703004891684137,0.08007989269011216,0.15578852005961713,0.1192290448651708,0.25985390306362044,0.162956003440788,0.14193461097570728,0.0801580249049842
0.1,60,0.9971979161838066,0.9727463312368972,0.9594689028651293,0.07750835781830075,0.17510359978698953,0.12481207935301082,0.25931827619984443,0.15890244281128013,0.12555341899345498,0.07880182503711948
0.1,61,0.9977831645957382,0.9853249475890985,0.9703004891684137,0.08036593182695066,0.1540431655273425,0.117975884113269,0.25851225431065245,0.16247780122986225,0.14765280996350913,0.0789721530284141
0.1,62,0.9982294903595357,0.9811320754716981,0.9716981132075472,0.08243035967381385,0.1518301254760972,0.13622060032967367,0.25479359170036514,0.14850539173681196,0.13845267684000723,0.08776725424323092
0.1,63,0.9995482953931435,0.9874213836477987,0.9870719776380154,0.08279695373481391,0.1607603624175674,0.13138995612777135,0.24185378222373524,0.15025102990259168,0.14524507899291525,0.08770283660060513
0.1,64,0.9970885467250684,0.9811320754716981,0.9626135569531796,0.0831123512177447,0.1601016851308715,0.133355199532585,0.2333668054307869,0.16687045689194757,0.14070907359616472,0.08248442819989964
0.1,65,0.9972648174637302,0.9790356394129979,0.960167714884696,0.07019846615991407,0.15150237896651728,0.12661917372708092,0.26391925647173153,0.1610162780397712,0.13331687315837162,0.09342757347661336
0.1,66,0.9983304613310716,0.9884696016771488,0.9703004891684137,0.07496466689075403,0.1635032514687219,0.12757286104164095,0.25986770656535535,0.15654020149684597,0.1408586083053421,0.07669270423133964
0.1,67,0.995869837593111,0.980083857442348,0.9566736547868623,0.07740115644762316,0.15970069756977706,0.13852321359433356,0.23155935312587927,0.16223350223899805,0.1361315392574445,0.09445053776594443
0.1,68,0.9982082524140989,0.9664570230607966,0.9727463312368972,0.07006554258625243,0.1501466801688274,0.12638843670895894,0.26124374796861344,0.17648393891216832,0.1295328887180509,0.08613876493712865
0.1,69,0.9979032806838795,0.9675052410901468,0.9706498951781971,0.0765256647709522,0.18286615659544522,0.11779354259793624,0.2349886648133512,0.15441631122962407,0.1380069236432263,0.09540273634946467
0.1,70,0.9981047714576968,0.9821802935010482,0.9713487071977638,0.0741741672983487,0.15328676539690328,0.13731901380256725,0.26020577230673136,0.15403522193363844,0.14004728891845505,0.08093177034335595
0.1,71,0.9997852813455512,0.9905660377358491,0.9912648497554158,0.08236679306069747,0.16166951921122727,0.12695428543599108,0.24276727626017444,0.15394110960057888,0.14152339169334913,0.09077762473798176
0.1,72,0.9974714399077433,0.9633123689727463,0.9577218728162125,0.07976346684938478,0.18027798884226404,0.12137820414200233,0.2520177477488523,0.15252384817730277,0.13346209987734378,0.08057664436284995
0.1,73,0.997267607266411,0.9758909853249476,0.9647099930118798,0.07129812492460709,0.1638136390658037,0.1304453901175343,0.23547224735855377,0.1704982348700159,0.14261651065275097,0.08585585301073426
0.1,74,0.9993338833137592,0.9853249475890985,0.9842767295597484,0.07421646339465812,0.15840242833539228,0.12781584976173885,0.2577495582995003,0.16778883732176214,0.13877750862292046,0.07524935426402789
0.1,75,0.9957161574231121,0.9748427672955975,0.9482879105520615,0.07258770124438622,0.16875650350422908,0.12266800660232446,0.26314323638991705,0.1468788335489906,0.13345784559349877,0.0925078731166537
0.1,76,0.9985782667351715,0.9779874213836478,0.9765897973445143,0.07175914457862528,0.15077610426123206,0.13145569130331813,0.25334452291106146,0.15714151959323366,0.14663902089077724,0.0888839964617521
0.1,77,0.9992894358862179,0.9926624737945493,0.9835779175401816,0.07650374475593723,0.16225967141585634,0.11843937354296818,0.2525057388813482,0.16028826024589202,0.14457881909043352,0.08542439206756457
0.1,78,0.9993179943858929,0.9811320754716981,0.9779874213836478,0.07621636674144867,0.16823089065044922,0.11632302390739241,0.24292389469425626,0.16337270161303716,0.15410913972966064,0.0788239826637556
0.1,79,0.9994036615370983,0.9811320754716981,0.9818308874912649,0.07956668720053826,0.1655233980797239,0.11801521355059642,0.24217871596381826,0.15829919468970405,0.15335554886200795,0.08306124165361117
0.1,80,0.9987642483792821,0.9790356394129979,0.9744933612858141,0.08032588030567886,0.14989303368526646,0.13218117657568265,0.2570734254149636,0.16320966584289448,0.13026341797972266,0.08705340019579139
0.1,81,0.9990585419211643,0.9758909853249476,0.9790356394129979,0.08134493102487787,0.15586435051157527,0.11614170857652645,0.24843293684405554,0.17875226062078317,0.1377181276140767,0.08174568480810496
0.1,82,0.9985769733759372,0.9779874213836478,0.9783368273934312,0.08118347547571715,0.1517107553583355,0.13618871278650624,0.24394050116022337,0.15010469322127445,0.1520591027667052,0.08481275923123813
0.1,83,0.9969630999596828,0.9832285115303984,0.9640111809923131,0.07942712232428376,0.15592679249473218,0.11492659889151309,0.26130856719384676,0.16253853291168915,0.14718771247478635,0.07868467370914858
0.1,84,0.9992475191472419,0.9863731656184487,0.980083857442348,0.0748056939793601,0.160099893534592,0.13355159383945436,0.2428725950264293,0.16529911453024274,0.1415420387635959,0.08182907032632568
0.1,85,0.9987033699822438,0.9832285115303984,0.9737945492662474,0.07087932131441148,0.1778246289724742,0.12665952521422813,0.24424941030185818,0.16152517883920942,0.13177216178063567,0.0870897735771829
0.1,86,0.9998490206123054,0.9916142557651991,0.989517819706499,0.0726294098518546,0.1687524346392591,0.12734137407523066,0.2446356898576875,0.1567504252646976,0.14544689151172788,0.08444377479954267
0.1,87,0.9946132179155349,0.9769392033542977,0.9517819706498952,0.07563380247574851,0.17324167170544996,0.12352738613809948,0.2278079020902535,0.1721486953062794,0.1371736155803567,0.09046692670381251
0.1,88,0.9986156076802971,0.9821802935010482,0.9709993011879804,0.069949411338682,0.16752962244048064,0.11903629043048568,0.2551626401852411,0.15689855381540604,0.14819859999737928,0.08322488179232525
0.1,89,0.9938633113839033,0.9737945492662474,0.9465408805031447,0.08358737269472678,0.16950219154980115,0.12159645323495948,0.2261521176374912,0.17575757887981872,0.13998498172885046,0.08341930427435225
0.1,90,0.9982724266243785,0.9821802935010482,0.9713487071977638,0.08483030993459502,0.17179339911877453,0.1267305154514294,0.2358092740154709,0.1595285362169492,0.13272751336543198,0.08858045189734894
0.1,91,0.9993296599250565,0.9937106918238994,0.9793850454227813,0.06832143927361525,0.16684425557246035,0.12237910838290003,0.2553937577939399,0.16299055409788224,0.1449477739959824,0.07912311088321974
0.1,92,0.9990513306072697,0.9842767295597484,0.9776380153738644,0.08177812083217278,0.16636103160639162,0.13883958989882497,0.25026630580563136,0.15119604163976383,0.1296158747281729,0.08194303548904237
0.1,93,0.996086725533575,0.9769392033542977,0.9594689028651293,0.07936931620590257,0.17544666752381413,0.13876455475490018,0.23382127302082548,0.16132437986284986,0.13378567736923264,0.0774881312624753
0.1,94,0.9983692908002715,0.9779874213836478,0.9706498951781971,0.07021412865637777,0.17535862043940523,0.132347339594922,0.2555284271595217,0.15841010292153165,0.1274571266926252,0.08068425453561653
0.1,95,0.9987954749195639,0.9769392033542977,0.9692522711390635,0.07195130093034982,0.17645538554749596,0.11582475206369487,0.2506033615559315,0.1604249094871728,0.14535304589751405,0.07938724451784095
0.1,96,0.9977921663649512,0.9758909853249476,0.972396925227114,0.07328974229906397,0.1538105152308019,0.11650164751246275,0.25962394815125184,0.16912074131225036,0.1505311418328317,0.07712226366133722
0.1,97,0.9982956754545677,0.9727463312368972,0.973445143256464,0.07065171854510988,0.14751020785246466,0.13215741470738374,0.25181494998241916,0.16175217167823247,0.1489424450066641,0.08717109222772593
0.1,98,0.992987081496702,0.9612159329140462,0.9444444444444444,0.08063869060415932,0.15289375283872778,0.13107037512765857,0.22710542826422087,0.17473759576135178,0.1489396691841013,0.08461448821978042
0.1,99,0.9986211468733649,0.9842767295597484,0.9737945492662474,0.07001964728780614,0.17376074373666675,0.1257592392267692,0.24708199350466173,0.1672611487543207,0.12641662355818428,0.08970060393159113
0.1,100,0.9992926876108083,0.9863731656184487,0.9786862334032146,0.08234416594990714,0.16241522713531198,0.13362640983005936,0.24988457191743127,0.14979832152085998,0.13300625088572235,0.08892505276070797
0.1,101,0.9972887893201533,0.9842767295597484,0.9580712788259959,0.06921311568471407,0.15719798419878817,0.1277867519245075,0.2652490285632609,0.15894218162529125,0.13555512102605521,0.08605581697738279
0.1,102,0.9983913704104939,0.9790356394129979,0.976240391334731,0.07245546417871523,0.15868618296295278,0.12788819334183074,0.23840861361686808,0.15498913906733305,0.16001179316272585,0.08756061366957427
0.1,103,0.9990340009756213,0.9654088050314465,0.9748427672955975,0.07816967633525808,0.1755847087509968,0.11980712597034754,0.24162093471686288,0.15246244860045974,0.14941963375443654,0.08293547187163842
0.1,104,0.9994529176267282,0.9811320754716981,0.983927323549965,0.082926834648465,0.16857502651600262,0.13130377475601757,0.24091660903148482,0.1494760077340087,0.14093834134543867,0.08586340596858266
0.1,105,0.9971392954297574,0.9832285115303984,0.9657582110412299,0.07334152447565749,0.17233052813160937,0.13447472719391085,0.230704235610909,0.1570049302530128,0.1448286558284421,0.08731539850645835
0.1,106,0.9967169998465544,0.9821802935010482,0.960167714884696,0.07607429909486492,0.1545406010921536,0.11254557148828791,0.26475131665613094,0.167178131651019,0.13325438793033878,0.09165569208720498
0.1,107,0.998109226346369,0.9685534591194969,0.9612159329140462,0.06821003342124835,0.18082892000297107,0.11951079848431342,0.25135599762067307,0.15153262156354735,0.14375393141872994,0.08480769748851676
0.1,108,0.9987212641697587,0.9737945492662474,0.9776380153738644,0.07569064062181423,0.15049577340894865,0.11825661815862287,0.2564884427505845,0.17309323525996578,0.13549141411786375,0.09048387568220013
0.1,109,0.9968363911532081,0.9821802935010482,0.9636617749825297,0.07199937410223153,0.17530868930793111,0.1305105098614532,0.23314891415363742,0.16496887962626042,0.13898978395032557,0.08507384899816081
0.1,110,0.9951003964582682,0.9832285115303984,0.9524807826694619,0.07562873892800955,0.1589036137976821,0.11492735536661398,0.2653234062710383,0.1570296669965479,0.1495654990988392,0.07862171954126905
0.1,111,0.9996097277592436,0.9853249475890985,0.9835779175401816,0.07395470285389331,0.1713695853040148,0.1152789762911937,0.24607891314708732,0.16329533994452192,0.14284997038181912,0.08717251207746998
0.1,112,0.9964523826382311,0.9832285115303984,0.9570230607966457,0.07330827632227542,0.15958053120364188,0.11826737633953976,0.2684662973781507,0.16801965588202808,0.13463941401872503,0.07771844885563908
0.1,113,0.9981707911857354,0.9737945492662474,0.9751921733053809,0.07186800045974412,0.17403407961240622,0.1254082274594426,0.23154698900688292,0.1517357728381652,0.15461379371672232,0.09079313690663665
0.1,114,0.9970458263978691,0.980083857442348,0.9682040531097135,0.07302619326999736,0.16162281032744263,0.11963970851619472,0.23021420815585242,0.165601507403246,0.1559413216994937,0.09395425062777304
0.1,115,0.9938370720716568,0.9622641509433962,0.9489867225716282,0.0729622557682918,0.15315135703242042,0.1349002724572504,0.2300350867028688,0.17206031401480085,0.15201681830096786,0.08487389572339987
0.1,116,0.9946754329450255,0.9769392033542977,0.950733752620545,0.08029655029498374,0.16834806831102145,0.1300404974860634,0.22686497620609575,0.16907465152217382,0.1422067741268418,0.08316848205282006
0.1,117,0.9988155665324338,0.9884696016771488,0.976240391334731,0.07783050644391956,0.16182966510959265,0.1223447261373594,0.2582660909392886,0.16398224242342097,0.13012383036516958,0.08562293858124916
0.1,118,0.9985815154191654,0.9737945492662474,0.9748427672955975,0.07789531977916041,0.1609237566996634,0.1177886468765408,0.2448821483037433,0.17980627867849455,0.13348794737863087,0.08521590228376655
0.1,119,0.997203860923359,0.9821802935010482,0.9615653389238294,0.06732510241882235,0.1556441606142582,0.13416444237180647,0.2648109834220646,0.15540950663248282,0.1425585239283239,0.08008728061224163
0.1,120,0.9986327242352268,0.9811320754716981,0.9730957372466806,0.07249506569633302,0.15937254796500433,0.13372728131244768,0.25507673950905324,0.14942269897183386,0.14512244827200665,0.08478321827332112
0.1,121,0.9965431737199318,0.9696016771488469,0.9612159329140462,0.07022341606489728,0.14836522281069423,0.12918326827272422,0.2691187435302167,0.1683641202190367,0.13768390596801316,0.0770613231344176
0.1,122,0.9987170006590017,0.9716981132075472,0.9755415793151643,0.07451487677997307,0.148516061200927,0.13395992270234644,0.25271323406115087,0.1729473729428939,0.14122171072344916,0.07612682158925967
0.1,123,0.9964970833751124,0.9790356394129979,0.9559748427672956,0.07613027060045148,0.1516989280988692,0.1347650858328924,0.262794441615917,0.1486192257940069,0.1365040350073377,0.08948801305052538
0.1,124,0.9949670673193145,0.9737945492662474,0.9538784067085954,0.08033869650058074,0.17444136825158424,0.1175601548491204,0.22825653120193448,0.1754242821130141,0.1433859953309929,0.08059297175277307
0.1,125,0.9974422707180584,0.9727463312368972,0.9619147449336128,0.07847977571037548,0.17352127335579764,0.11785438562900759,0.25896868285107405,0.16393723244907568,0.12753552914983007,0.07970312085483937
0.1,126,0.9986593119583832,0.9779874213836478,0.9776380153738644,0.07741733747630902,0.14847467300264702,0.12775191148109247,0.24644388871699924,0.16595176366633774,0.14969152700787175,0.08426889864874289
0.1,127,0.9991640551847041,0.9853249475890985,0.976240391334731,0.0716690076563685,0.1687299761332221,0.1324881650856192,0.2517409317518267,0.15019741664493552,0.13417694243598557,0.0909975602920422
0.1,128,0.9983407298128357,0.9853249475890985,0.9685534591194969,0.0775503092286026,0.16535562244530302,0.12319128719179495,0.25807463537576075,0.15603155329081858,0.13401892470757867,0.08577766776014124
0.1,129,0.9986893856149945,0.9779874213836478,0.9786862334032146,0.07221549433045527,0.15499450113692598,0.13482876635180757,0.24892947108690755,0.15004794353463038,0.15126730136916652,0.0877165221901067
0.1,130,0.998070319632194,0.9675052410901468,0.9650593990216632,0.07814866168227556,0.17850299453500096,0.11845129117846732,0.2509712704410606,0.15562893436743264,0.13203996588004055,0.08625688191572241
0.1,131,0.9964323459772348,0.9811320754716981,0.9594689028651293,0.07699768613235876,0.17115036360262495,0.12672079155169808,0.2301264647141492,0.16831013021495064,0.14741289837315885,0.07928166541105962
0.1,132,0.9937706398037616,0.9696016771488469,0.9454926624737946,0.07111455577185048,0.14675040625874697,0.12903714893427956,0.26723727419118465,0.14923021953769547,0.14618835674365988,0.09044203856258287
0.1,133,0.9953750194546286,0.9675052410901468,0.9594689028651293,0.07882198515169125,0.1518460918022792,0.11547601850702335,0.2304613823585069,0.17504149212924414,0.15700239840714988,0.09135063164410534
0.1,134,0.9981764135529417,0.980083857442348,0.9661076170510132,0.07281689255327367,0.17123195396533608,0.12752969452497784,0.2593820589466861,0.15791430645929558,0.13064286309847795,0.0804822304519526
0.1,135,0.9983912415444808,0.9727463312368972,0.9629629629629629,0.07571871776075935,0.1729499302135179,0.12425021623586004,0.25469283894935857,0.15264781819582007,0.1403494519308179,0.07939102671386619
0.1,136,0.996447442843503,0.9790356394129979,0.950733752620545,0.06776613830194839,0.1684480413090102,0.12945578264934898,0.26358784248789363,0.1473520849730655,0.13598034135212392,0.08740976892660936
0.1,137,0.9992303806170909,0.9853249475890985,0.980083857442348,0.07773310083589906,0.15937460313594579,0.1336092504802644,0.24321061523612794,0.16601990014764414,0.13923527165726768,0.08081725850685108
0.1,138,0.9997839684573943,0.9958071278825996,0.9905660377358491,0.07614741805115345,0.1648795308702446,0.12774544320177997,0.2420379722279293,0.15836295235379602,0.14136875115082484,0.08945793214427195
0.1,139,0.9995271870600482,0.9832285115303984,0.982879105520615,0.0767551249921834,0.15438713447234875,0.12339604958763671,0.25038766219713354,0.16844247500923237,0.13533441181898176,0.0912971419224833
0.1,140,0.9989771114820027,0.980083857442348,0.9825296995108316,0.07412954377274981,0.153643486553483,0.1297200862372021,0.24609612706969888,0.16309010716348143,0.15417711338603124,0.07914353581735342
0.1,141,0.9960661077454604,0.9737945492662474,0.9577218728162125,0.08153146037225609,0.17377032159761407,0.12146221069230628,0.23413535401154842,0.17465182251909384,0.13279920271138798,0.08164962809579342
0.1,142,0.9994478702639841,0.9832285115303984,0.9818308874912649,0.07889219983783517,0.17006512999567988,0.12001416790428246,0.24089914141566354,0.16211832500379744,0.14849425778444755,0.07951677805829398
0.1,143,0.9958779099348631,0.9874213836477987,0.9528301886792453,0.07341102225529067,0.16000444448165352,0.1213778202614944,0.26736217091062425,0.15834394494101772,0.14222703851551646,0.07727355863440302
0.1,144,0.9995618954428009,0.9863731656184487,0.9849755415793152,0.07167819005088535,0.17168444745637085,0.13527593834722787,0.24590872817529846,0.15228443396728583,0.14404027782348316,0.07912798417944839
0.1,145,0.9978270554420684,0.9832285115303984,0.9682040531097135,0.07859008978490899,0.16611139500968053,0.12564570768570196,0.26111086884947626,0.16271764166588906,0.12360036726205899,0.0822239297422841
0.1,146,0.9979626260397445,0.9675052410901468,0.9685534591194969,0.07199620654950653,0.15565313527873828,0.133669384772577,0.2426678401553267,0.1737591840620472,0.14101276331268434,0.08124148586911989
0.1,147,0.9968989882889472,0.9832285115303984,0.9605171208944794,0.0789397501075134,0.15906480903843231,0.11530090457589373,0.25909705736804145,0.15392234450113731,0.14346175857317253,0.0902133758358092
0.1,148,0.9969655600787646,0.9748427672955975,0.9671558350803634,0.07910811937086591,0.1547698392475608,0.11732049614001,0.23208929343222506,0.16986921435018676,0.1539840346941304,0.09285900276502113
0.1,149,0.998238837581987,0.9716981132075472,0.9730957372466806,0.08065480957329789,0.15549307125250547,0.12474267572695402,0.24110794677085914,0.17626980118239538,0.14493711098925813,0.07679458450473003
0.1,150,0.999015995004718,0.9842767295597484,0.9779874213836478,0.07010798828574456,0.17021144351933773,0.13285530117979583,0.25291232655801854,0.16407145888280733,0.12725146675416704,0.08259001482012904
0.1,151,0.9994023337914805,0.9905660377358491,0.9863731656184487,0.07391474163480569,0.15974787554258785,0.12194984654106114,0.24953986873896516,0.15933922588362984,0.15039070072936073,0.08511774092958946
0.1,152,0.9985010123343305,0.980083857442348,0.9748427672955975,0.08187970836045887,0.17149781279409793,0.13612015679844652,0.23684985164776443,0.15375709855711542,0.13820219049380358,0.08169318134831347
0.1,153,0.9989264335126481,0.9863731656184487,0.9804332634521313,0.07538021874808883,0.16785345328859091,0.1198931065699609,0.23969354159958792,0.17106306047042735,0.14621783788310178,0.07989878144024219
0.1,154,0.9979382243258851,0.9727463312368972,0.9751921733053809,0.07195668646423024,0.14948788435477134,0.11856852916624686,0.2579957723956452,0.1696312549275333,0.1485621065848111,0.08379776610676178
0.1,155,0.9974809695936336,0.9727463312368972,0.9682040531097135,0.06866761085777902,0.1491852731109492,0.13012049710894485,0.26406454391979767,0.16556411969243393,0.14398179571625452,0.0784161595938406
0.1,156,0.997659847160164,0.9874213836477987,0.96680642907058,0.0751352206696189,0.1655006510697525,0.13608633880850796,0.23579488849637747,0.16173255363691602,0.13537645025521175,0.09037389706361525
0.1,157,0.9969695367645143,0.9811320754716981,0.9633123689727463,0.07255207292268183,0.17412811794124167,0.11941884865986042,0.2308907184140525,0.1690324196182358,0.1520781387656699,0.08189968367825777
0.1,158,0.9995377783564268,0.9937106918238994,0.9884696016771488,0.07848659919678967,0.15916946811848445,0.12079734238270055,0.25088029710399923,0.1614172489809807,0.14510541472171162,0.08414362949533377
0.1,159,0.9983850169041889,0.9758909853249476,0.9657582110412299,0.06785023635268791,0.1716051501684198,0.12210381513025535,0.25579884178869483,0.15323805038310648,0.14579094210980584,0.0836129640670299
0.1,160,0.9968150992786443,0.9842767295597484,0.9622641509433962,0.08216281033867114,0.1550484579818247,0.11637754848996007,0.2591020224266262,0.15612674854732042,0.1473464440113259,0.08383596820427158
0.1,161,0.9964047022686939,0.9853249475890985,0.9528301886792453,0.06917743142068929,0.15911962366843221,0.12408856004570287,0.2649833558890863,0.1536383868895072,0.1368306061802519,0.09216203590633018
0.1,162,0.9985879260472239,0.9769392033542977,0.9727463312368972,0.07123666129686829,0.16537717983642233,0.12528364735409012,0.24699701621400308,0.14531715728457598,0.15358754630219087,0.09220079171184925
0.1,163,0.9977968681638897,0.9696016771488469,0.9682040531097135,0.07081418965627947,0.18555606490553225,0.11934743190692018,0.2398256072699593,0.15597454892215498,0.13396137667531846,0.09452078066383528
0.1,164,0.9965053263634395,0.9591194968553459,0.9493361285814116,0.07988684267474737,0.1787793509891993,0.12054089508855145,0.25614030848180036,0.14943232827790967,0.1310537667046466,0.08416650778314516
0.1,165,0.9988195832849542,0.9811320754716981,0.973445143256464,0.06901668028364372,0.17579217504831332,0.12963540673353383,0.2540023595136062,0.16165685313130115,0.1320833324493213,0.07781319284028028
0.1,166,0.9990057476689214,0.9884696016771488,0.9783368273934312,0.0746680758451521,0.16946789818292984,0.13806582847793478,0.24230514287260135,0.14883519901758227,0.13390548586275522,0.09275236974104457
0.1,167,0.994416357154934,0.9758909853249476,0.944095038434661,0.08146488985415784,0.14650953169631606,0.13375031399378978,0.2674588159697058,0.14851419929401802,0.1343479874508962,0.08795426174111627
0.1,168,0.9999122881857779,0.9958071278825996,0.9912648497554158,0.0758554665856462,0.16172022443412315,0.12344069323837108,0.24700135227796738,0.15995160624712257,0.13884289622525334,0.0931877609915163
0.1,169,0.9962530668031746,0.980083857442348,0.9608665269042628,0.07708863684690552,0.17450552346503043,0.1175231219003992,0.22959587674811607,0.17166945566539926,0.14438227840409584,0.08523510697005368
0.1,170,0.9994185030485339,0.9842767295597484,0.9807826694619147,0.07345893614056896,0.1563792664188822,0.1387596557016124,0.24899266644143012,0.15619594119830357,0.13875298073756848,0.08746055336163437
0.1,171,0.9994947968005151,0.9874213836477987,0.9842767295597484,0.07537001759851678,0.17197187116571608,0.13191213957726444,0.24319945240104737,0.154721956375124,0.1394379528255578,0.08338661005677356
0.1,172,0.9984608552162592,0.9737945492662474,0.9744933612858141,0.07257015890156641,0.14782681010624277,0.13133452195995748,0.2524481516960266,0.1608921888313039,0.14650797369356905,0.08842019481133373
0.1,173,0.9972310718306129,0.9675052410901468,0.9573724668064291,0.07635608669657681,0.16985062685236765,0.1273916642935166,0.2573861872424787,0.1462483466182115,0.14681120283369417,0.07595588546315458
0.1,174,0.9982367169178759,0.9863731656184487,0.9706498951781971,0.08049269354917264,0.16202425790148312,0.1340019065742966,0.23562208415464583,0.15947964999354575,0.13653788638192893,0.09184152144492709
0.1,175,0.9995423002073291,0.989517819706499,0.9849755415793152,0.07852629173608693,0.16796068886361695,0.12862490163311574,0.24961595790377303,0.1585969096781274,0.1316760247335547,0.08499922545172531
0.1,176,0.9986681183554424,0.989517819706499,0.9744933612858141,0.07509931223624294,0.16899165461526958,0.1324230574691294,0.2384194544320027,0.16296895522976576,0.13967167500912642,0.08242589100846325
0.1,177,0.9934150666581176,0.9654088050314465,0.9409503843466107,0.06740845016911348,0.16571493509472485,0.11366832739435281,0.2650489873444207,0.1464564759363955,0.15198580770786752,0.08971701635312508
0.1,178,0.9965457613644,0.9832285115303984,0.9591194968553459,0.07799565747029054,0.14937451799752333,0.12512167349373435,0.26333568857339545,0.15692441725789433,0.14076192525237108,0.0864861199547911
0.1,179,0.9938072507569229,0.9769392033542977,0.9475890985324947,0.0757467981404203,0.17212650587667896,0.1279080745338911,0.22370391304693424,0.1676932343767879,0.1463136245396403,0.08650784948564709
0.1,180,0.9992290506739511,0.9874213836477987,0.9825296995108316,0.07693600128519044,0.1562795368573408,0.12202147473879407,0.2537085376427373,0.1616114886481455,0.14333757093880828,0.0861053898889837
0.1,181,0.998499480937844,0.9706498951781971,0.9758909853249476,0.07716931103003123,0.15197822846818354,0.12302812680682608,0.24342279267046507,0.1748418109863453,0.14605784010980968,0.08350188992833918
0.1,182,0.9941719007468746,0.9748427672955975,0.9419986023759609,0.0752339274598709,0.14749204813281552,0.13585125170054443,0.27131952941474863,0.15232282759147261,0.13417222923148425,0.08360818646906376
0.1,183,0.9996012042758787,0.9884696016771488,0.9870719776380154,0.07780615973424429,0.15545874980377258,0.12773363890455322,0.2457962025181764,0.16302792888375994,0.14572538950643418,0.08445193064905948
0.1,184,0.9988700854940036,0.980083857442348,0.9786862334032146,0.08138101494991277,0.1526679791698708,0.13910783091384776,0.25337623634293027,0.151552437310772,0.13875267751149695,0.08316182380116954
0.1,185,0.9993661855756618,0.9769392033542977,0.9842767295597484,0.07522485918312438,0.15547387451356226,0.12304209330110168,0.24972524164449283,0.173984334300422,0.1442205352528123,0.07832906180448451
0.1,186,0.9941156991329573,0.9706498951781971,0.949685534591195,0.08069634894788208,0.1784062931969268,0.12876341796080293,0.2223302437108205,0.15984106997954628,0.1472233241654056,0.08273930203861589
0.1,187,0.9988728672529241,0.9737945492662474,0.9765897973445143,0.07053539294800248,0.15154906693747036,0.13418217677712843,0.2491363533057784,0.16941766863050364,0.14457945883239015,0.0805998825687264
0.1,188,0.9986619452532632,0.9685534591194969,0.9744933612858141,0.07206794674032836,0.14826956689873916,0.12936119015787922,0.25042163665263306,0.1702111024222082,0.1445139305642533,0.08515462656395877
0.1,189,0.998105793139623,0.9821802935010482,0.9713487071977638,0.07363427941743218,0.1567004369141889,0.1394175426127705,0.23749145413933123,0.15539582068067082,0.14772061297697006,0.08963985325863628
0.1,190,0.9992884317844684,0.9916142557651991,0.9811320754716981,0.0782898343675251,0.16165335844333978,0.12028464990343278,0.2549724115801521,0.162957233459488,0.13696488057562076,0.08487763167044146
0.1,191,0.9997319421769318,0.989517819706499,0.9884696016771488,0.08022507820615325,0.1617818250237803,0.11789648417869568,0.24854024444361247,0.16979590157353436,0.13842086685458255,0.08333959971964132
0.1,192,0.9959745093162532,0.9727463312368972,0.9605171208944794,0.0785677666478966,0.14737414470568563,0.13438505845133,0.2595996134276888,0.14696212088336133,0.14982111731895703,0.08329017856508072
0.1,193,0.9995545978865296,0.9853249475890985,0.9818308874912649,0.07266154895213901,0.17064495149260894,0.11785893765140089,0.24625947708020018,0.16534735893028168,0.14850216236320998,0.07872556353015943
0.1,194,0.9969877543471212,0.9779874213836478,0.9647099930118798,0.07020064006874203,0.15189117638559405,0.12493312637801733,0.25910000279811574,0.15522553471368639,0.15185741545398895,0.08679210420185565
0.1,195,0.9989196710875605,0.980083857442348,0.9769392033542977,0.08274187520558846,0.15454345206955916,0.1413988736816619,0.25348374428024045,0.1507029832928582,0.1357174793654572,0.0814115921046348
0.1,196,0.9991232180786617,0.9758909853249476,0.9804332634521313,0.08024122930864021,0.1650035341257039,0.11747724820735735,0.2409681051856501,0.15596557549897713,0.15615457705360763,0.08418973062006363
0.1,197,0.9997455786031816,0.9863731656184487,0.9881201956673655,0.0735378388394188,0.16848928902436044,0.1293974300940034,0.24679733822784475,0.1535271317042714,0.14581808867564178,0.08243288343445948
0.1,198,0.9982594006117208,0.9842767295597484,0.9685534591194969,0.073298020820233,0.16895211504515098,0.11682675663132172,0.25970960486949773,0.16863794871941953,0.1305748988353815,0.08200065507899552
0.1,199,0.9966500484797118,0.9737945492662474,0.9577218728162125,0.07750448955059829,0.15556866729330607,0.13722315737232882,0.23470437322007953,0.1653391284947434,0.1388522365152785,0.09080794755366538
0.1,200,0.9986102004491224,0.9779874213836478,0.9741439552760307,0.07465653606065124,0.1772063570052692,0.1250902147441404,0.2442284317537394,0.16435615504842035,0.13237281143138685,0.08208949395639249
0.2,1,0.9962614680683766,0.9622641509433962,0.9559748427672956,0.06900551423566999,0.14642868529867437,0.1135616705723728,0.26622470827680195,0.1779160484243768,0.1279466762049951,0.09891669698710903
0.2,2,0.9866853337062116,0.9528301886792453,0.9238294898672257,0.08250577153737722,0.17720310997295288,0.14892715832287168,0.21307297161135005,0.15451531667576293,0.15095346936112378,0.07282220251856152
0.2,3,0.9946475775280347,0.9360587002096437,0.9465408805031447,0.07247910539671153,0.18977243779515507,0.1149453273675251,0.2264088407896659,0.1526802400701628,0.1700361758129495,0.07367787276783012
0.2,4,0.9958365624093949,0.9821802935010482,0.9577218728162125,0.07499003771101978,0.15232161521336599,0.11528923975059467,0.26072371706846376,0.15521276174083332,0.1494039361266244,0.09205869238909811
0.2,5,0.9970997609291271,0.9654088050314465,0.9622641509433962,0.07142056785082446,0.18803042984099927,0.11882011577387598,0.23890918089054375,0.15782777637867226,0.13268715467491943,0.09230477459016481
0.2,6,0.978991965724693,0.9633123689727463,0.9000698812019566,0.0639928284387036,0.14794855074824922,0.11666537811053843,0.2884068117149209,0.14038326708675244,0.15347664899828747,0.08912651490254792
0.2,7,0.9985742754822,0.9790356394129979,0.9748427672955975,0.0684484858578508,0.15358846653406258,0.11936296525089286,0.25905108641460545,0.1702168134369462,0.13831615034723665,0.09101603215840563
0.2,8,0.9982419130901826,0.9832285115303984,0.9657582110412299,0.07178530381092658,0.1617943362269662,0.12856449096424963,0.2565385178499803,0.14896738635960968,0.13904450394665543,0.09330546084161219
0.2,9,0.9977677492407953,0.9685534591194969,0.96680642907058,0.061782751290035305,0.16355513110364564,0.14149260800651012,0.24689951004198638,0.17291351614356443,0.13535175531975532,0.078004728094503
0.2,10,0.9955875546151832,0.9465408805031447,0.9524807826694619,0.06267133104425768,0.19260689614899684,0.13566232315049764,0.2403335500569041,0.13103157609918648,0.13881372704486294,0.09888059645529426
0.2,11,0.9946253511675629,0.9706498951781971,0.9517819706498952,0.07273318060925858,0.1736088676306443,0.12056262867493561,0.23486157611704359,0.17974747759002624,0.12576846349225024,0.09271780588584141
0.2,12,0.9958770657684958,0.9654088050314465,0.9493361285814116,0.08592571939115214,0.16953975187884238,0.11563153507578389,0.2640130743610147,0.16574471345092767,0.13322888168681077,0.06591632415546846
0.2,13,0.991424453729191,0.9727463312368972,0.9350104821802935,0.0785200912202714,0.16507140276426274,0.1023141104241682,0.27492914948642405,0.16858706598761314,0.12172147019063038,0.08885670992663003
0.2,14,0.9979140272165363,0.9790356394129979,0.9671558350803634,0.0860289998545734,0.16552522976955203,0.10657389765965716,0.2559132511236448,0.17272530508535436,0.12902118152129896,0.0842121349859194
0.2,15,0.9959673116988644,0.9748427672955975,0.9612159329140462,0.06553943482082836,0.17179621859755168,0.10850586169686495,0.23389586912167334,0.18308038016759512,0.1414617317951132,0.09572050380037336
0.2,16,0.9919387697902325,0.949685534591195,0.926974143955276,0.05751681118665625,0.18444198987981159,0.11126455899062583,0.2663143210168336,0.14307647516411803,0.14281522934675273,0.09457061441520204
0.2,17,0.9911031429384176,0.9643605870020965,0.9367575122292103,0.08807405710819859,0.18026942890350175,0.11331169732576014,0.2198182757505079,0.17342584666721156,0.13628742556506993,0.0888132686797501
0.2,18,0.9955581670000943,0.9769392033542977,0.9472396925227113,0.05948586159032561,0.16994054792016064,0.1282291386863802,0.26594202848063375,0.14645367115305866,0.1414989611708306,0.08844979099861046
0.2,19,0.9971511613442382,0.9664570230607966,0.9640111809923131,0.07378636205521828,0.1438442451009854,0.12218432244169246,0.25637652969259406,0.16107127046842712,0.14045629777149704,0.10228097246958578
0.2,20,0.9824252646973846,0.9685534591194969,0.9074074074074074,0.06789222922835467,0.144274151069564,0.13340669268251318,0.2916105922917553,0.146738521613027,0.13085934677846145,0.08521846633632431
0.2,21,0.9867838292727571,0.9371069182389937,0.9224318658280922,0.06318696230603088,0.16102407660572818,0.14221507873129396,0.23676220952475216,0.19431112560239724,0.12661430093404402,0.07588624629575356
0.2,22,0.9962438753145536,0.960167714884696,0.9615653389238294,0.06244070003003565,0.1626592259129857,0.11558682333087861,0.24200723861109372,0.18991159827919085,0.1524829378728731,0.07491147596294233
0.2,23,0.9929135527941808,0.9454926624737946,0.940251572327044,0.0648860857797711,0.14042148394711837,0.14497016082085046,0.2433369755097251,0.17703013652038233,0.13834897135677493,0.09100618606537775
0.2,24,0.9980056447323977,0.9758909853249476,0.96680642907058,0.07182344581393467,0.17950730740096152,0.13255179173425233,0.2518300540232513,0.16106850398192962,0.1284414160604598,0.07477748098521068
0.2,25,0.9923828304615795,0.9339622641509434,0.929769392033543,0.08476563039231745,0.17926677715768724,0.10804832403494007,0.25821502224435156,0.14199394289541897,0.15033255571058327,0.07737774756470145
0.2,26,0.9896955550818919,0.9591194968553459,0.9224318658280922,0.07337094559089251,0.17250660570021673,0.14598655352383746,0.275418643468794,0.13397540558751742,0.12497614183860473,0.07376570429013718
0.2,27,0.9975387867179969,0.9716981132075472,0.960167714884696,0.07775375411293065,0.1652035787337901,0.15365624367240258,0.24642907707888834,0.13766111505450895,0.12985603698733056,0.08944019436014877
0.2,28,0.986456971991484,0.9360587002096437,0.9273235499650594,0.0703845888951976,0.1421282598778455,0.14873500564304354,0.22607938078829526,0.17213024763454807,0.16825579297790924,0.07228672418316096
0.2,29,0.9804659510481036,0.9664570230607966,0.9067085953878407,0.06773919510875322,0.14677319830155236,0.11181492461032405,0.28831757145091375,0.14960472635547373,0.15495407977712883,0.08079630439585404
0.2,30,0.9883697280944544,0.9549266247379455,0.9213836477987422,0.09004971453975885,0.16411148500870706,0.1217381897228735,0.2764243347758023,0.1451231622366695,0.12496637987001459,0.07758673384617412
0.2,31,0.9937083987909908,0.9465408805031447,0.93361285814116,0.06626650420693167,0.19008484196549402,0.12562028118693594,0.2599361629398953,0.14317480977452265,0.12484862434019746,0.09006877558602289
0.2,32,0.9874526707481948,0.960167714884696,0.929769392033543,0.0849293791163177,0.16475846313211193,0.15034957372179814,0.21365832230094284,0.15329711673471563,0.15025178088708602,0.08275536410702777
0.2,33,0.9873182065959861,0.950733752620545,0.9178895877009084,0.07322010357851248,0.16291159709941183,0.12371763624838068,0.2750452432490754,0.1375507487485792,0.15881276322654994,0.0687419078494905
0.2,34,0.9787663297804454,0.9444444444444444,0.9039133473095737,0.08366803883916411,0.1534969194505081,0.12643106991000455,0.20144815175512373,0.16777278541408924,0.16902050731811843,0.0981625273129918
0.2,35,0.9781391672002241,0.9371069182389937,0.903214535290007,0.06597521495658247,0.18850178708416812,0.11850499047965088,0.2136776738992023,0.18817712391557595,0.12769749870930655,0.09746571095551367
0.2,36,0.9904537400248008,0.9664570230607966,0.9287211740041929,0.07027539133883932,0.15341512153627393,0.14220236417976717,0.2782746825276991,0.14434808132207247,0.1201421525843814,0.09134220651096661
0.2,37,0.9953215953704383,0.9675052410901468,0.9538784067085954,0.06114651688103031,0.16331528112969726,0.11021851287259059,0.25592137665140535,0.151163843731648,0.1648564260599695,0.09337804267365893
0.2,38,0.9975136515569496,0.9633123689727463,0.9636617749825297,0.06834468843164901,0.16790937916657167,0.14770943075175189,0.24790298343405073,0.13367299944856936,0.1554527795151829,0.07900773925222439
0.2,39,0.9843730690250637,0.9517819706498952,0.9157931516422082,0.06879309934900163,0.18192312549395123,0.14009107516497507,0.20593660975236158,0.15046168144246427,0.1577672457378114,0.09502716305943482
0.2,40,0.9972723368729874,0.980083857442348,0.9612159329140462,0.08070124345229125,0.16723083397559196,0.11342504579397397,0.2615364254568868,0.16668776237535343,0.13398462888432056,0.07643406006158189
0.2,41,0.9940708730405701,0.9538784067085954,0.9381551362683438,0.0837564458930319,0.18180352192800228,0.121926709028097,0.2613511934146559,0.1564186406758157,0.11800598574713686,0.07673750331326018
0.2,42,0.9986636879297521,0.9727463312368972,0.9709993011879804,0.09031772909455743,0.1693708753555293,0.1086512566290141,0.2459023843846978,0.16881672316991733,0.13789427767605889,0.07904675369022515
0.2,43,0.9953411259655901,0.9654088050314465,0.944095038434661,0.0656048777166259,0.18077000501158388,0.13302724274291616,0.2675075589790953,0.16325012039369186,0.12460907660982863,0.06523111854625817
0.2,44,0.9967808549876815,0.9758909853249476,0.9608665269042628,0.06333767473476662,0.17972096226380072,0.12670553134057908,0.24217406966051117,0.1677793909860122,0.1229802409706729,0.09730213004365731
0.2,45,0.9856128842787736,0.9475890985324947,0.9227812718378756,0.07507513873298786,0.15374046997104635,0.1578947169832973,0.2184291653174639,0.15118799100708685,0.1390298358488898,0.10464268213922785
0.2,46,0.9930933199978191,0.9633123689727463,0.9444444444444444,0.08595521127981652,0.17319831479550865,0.13709493557482033,0.24358530721908092,0.1775373897955009,0.1138506928158984,0.06877814851937436
0.2,47,0.9916692718715017,0.9559748427672956,0.929769392033543,0.08247172164966576,0.17490507367591104,0.12820521845650487,0.2730123864774941,0.1526492954120234,0.12420799711388252,0.06454830721451824
0.2,48,0.9903707630414534,0.960167714884696,0.9287211740041929,0.0829685923402936,0.15522886951255446,0.12450560259965936,0.2673976589749892,0.13458677072831582,0.14735822916942945,0.08795427667475818
0.2,49,0.9920715924348942,0.9675052410901468,0.9416491963661775,0.08339660017205228,0.1837896778427225,0.11150534149440398,0.22225707501142508,0.17260184319426813,0.13565321922625323,0.09079624305887478
0.2,50,0.9931941974157252,0.9339622641509434,0.9458420684835779,0.0732515414011505,0.12687750938522613,0.13810681876725345,0.2648863100919251,0.17744120664483415,0.12618462573095374,0.09325198797865686
0.2,51,0.9936025546690761,0.9706498951781971,0.9419986023759609,0.07649389754852697,0.14270556952107386,0.1327006195424445,0.27335741325979035,0.15871593255266578,0.13469648187912742,0.0813300856963711
0.2,52,0.9956821627513109,0.9360587002096437,0.9475890985324947,0.07433269731885966,0.19255557455084327,0.1250865682086522,0.24289560735235993,0.14051349573726774,0.15239671860165757,0.0722193382303596
0.2,53,0.993893038992978,0.9591194968553459,0.9549266247379455,0.08674137106937492,0.15817119011642716,0.14698658146141247,0.2229488569316439,0.13866165324622395,0.1645504636504246,0.0819398835244929
0.2,54,0.9986691674580218,0.9748427672955975,0.972396925227114,0.08097946247603233,0.14875631755537896,0.12276895667094034,0.2488408323503892,0.17100107414599672,0.12825312976677883,0.09940022703448373
0.2,55,0.9928283062680551,0.9685534591194969,0.9426974143955276,0.06767829827791945,0.16932922354586732,0.1425846458423479,0.22939099340403432,0.17009639611431468,0.14073991643742978,0.08018052637808644
0.2,56,0.9938986760517945,0.9716981132075472,0.9423480083857443,0.08477524469411547,0.1593153984809897,0.1413262682101398,0.2674617944522018,0.13944589945473296,0.1384740256383255,0.06920136906949466
0.2,57,0.9967348140110946,0.9748427672955975,0.9626135569531796,0.0736489582701664,0.1708549808305059,0.1416807635579985,0.2449247298843224,0.17049689685668695,0.126002690223685,0.07239098037663487
0.2,58,0.9894634888562748,0.9360587002096437,0.9346610761705101,0.06769065946770993,0.1427504036804084,0.12659204315430078,0.23174319257691497,0.18755006335997004,0.16094428108940148,0.08272935667129448
0.2,59,0.9967875836759674,0.9758909853249476,0.9608665269042628,0.09316763875585325,0.14280082891871962,0.13830907627908934,0.26190089611365064,0.1557468958727351,0.1325139846629558,0.07556067939699627
0.2,60,0.9766599115968746,0.9245283018867925,0.8902865129280224,0.07699470556435183,0.181867530927172,0.1320944486582425,0.20360749352173416,0.1761913423632771,0.15914856217104348,0.07009591679417887
0.2,61,0.9834649823924687,0.949685534591195,0.9126484975541579,0.0648180144116877,0.18926583209210238,0.13950091391372205,0.21892250873913804,0.17399519060494764,0.13662315629715374,0.0768743839412486
0.2,62,0.9708024959200837,0.9077568134171907,0.8819007686932215,0.08066723038477035,0.14562741505031604,0.13833788702981195,0.214128858995602,0.1992863714578894,0.14776277965501353,0.07418945742659669
0.2,63,0.9810012401909747,0.9716981132075472,0.9011180992313068,0.07510303641669568,0.1542685542510203,0.12606831887718922,0.29053033379033083,0.14183499691267906,0.12021421565511176,0.09198054409697319
0.2,64,0.9973709756792756,0.9696016771488469,0.96680642907058,0.07404278447898359,0.18471758747690226,0.12876015439459412,0.2361468635785665,0.15039878115918764,0.13550219773649702,0.09043163117526887
0.2,65,0.9808847363730784,0.9203354297693921,0.8923829489867225,0.06696548149998292,0.18488716968659544,0.10815222511338893,0.27577873503399536,0.12466341514681283,0.148035159355188,0.09151781416403655
0.2,66,0.9993568624706699,0.989517819706499,0.9842767295597484,0.08440401492180352,0.16286528708364306,0.1332184802232046,0.23879097319906326,0.15317430486467268,0.14005901576988677,0.08748792393772607
0.2,67,0.9988418184631561,0.9758909853249476,0.9786862334032146,0.07108660563516518,0.1580370791285794,0.11191874354825795,0.2535236397100568,0.1806681562290916,0.14380489740944624,0.08096087833940288
0.2,68,0.9609319887255692,0.909853249475891,0.8644304682040531,0.08268220132785953,0.15492651522772216,0.13524455279815187,0.200656756143089,0.19154448334443794,0.13378396652388277,0.10116152463485677
0.2,69,0.9981335034234089,0.9790356394129979,0.9716981132075472,0.06724850734229576,0.1763167751708481,0.1324481343343716,0.23490480117494314,0.15673882545369938,0.15028880856891375,0.08205414795492824
0.2,70,0.9973517537461429,0.9727463312368972,0.9706498951781971,0.08275337775388646,0.14217327825000337,0.12940821021020618,0.24943540987716473,0.15952327230813287,0.15466439081388791,0.08204206078671847
0.2,71,0.9723788067870025,0.9203354297693921,0.8836477987421384,0.08637769361946908,0.15770861674319978,0.13968391774532224,0.20340821244392815,0.18184758899445208,0.16317523651109167,0.06779873394253705
0.2,72,0.9938389607797088,0.9612159329140462,0.940251572327044,0.08062007832751544,0.13811438736082715,0.13148124851548448,0.26734345455118896,0.15494824460897239,0.12635298522683683,0.10113960140917468
0.2,73,0.9893895793881315,0.9423480083857443,0.9381551362683438,0.07526897773161097,0.12787963849174688,0.13842178914297296,0.2824890451160374,0.17097131939699475,0.1370900884600789,0.06787914166055826
0.2,74,0.993313752734925,0.9727463312368972,0.9468902865129281,0.059048685907574464,0.17536796549884603,0.1276114892649824,0.22585074441671654,0.1718680647917688,0.15452811175208261,0.08572493836802919
0.2,75,0.9946211804779284,0.9528301886792453,0.9437456324248777,0.06547829893866874,0.17481945600295998,0.13453644075773213,0.26105317471819056,0.13715151321197025,0.15905772758355358,0.06790338878692458
0.2,76,0.9921503071099025,0.9769392033542977,0.9360587002096437,0.074593880378812,0.16359053255763073,0.11577850689672413,0.2738102279816044,0.15568852992339893,0.14079574795706729,0.07574257430476238
0.2,77,0.9965913226454076,0.9727463312368972,0.9570230607966457,0.08639449968905323,0.16295289135313565,0.1231999500008435,0.2397729940578491,0.17443345252093712,0.11784049629803747,0.09540571608014385
0.2,78,0.9992083608236968,0.9769392033542977,0.980083857442348,0.08722266921955754,0.16683557862033505,0.11560571681370481,0.24031168638362954,0.1654941051892265,0.1468873245065616,0.07764291926698498
0.2,79,0.9947787200495724,0.9696016771488469,0.9510831586303284,0.08850909851301732,0.15931397953767235,0.136684839028097,0.23005792971220393,0.17096640234027605,0.1417740991376158,0.07269365173111748
0.2,80,0.998996556885166,0.9821802935010482,0.9790356394129979,0.08517295976686313,0.1587138802798881,0.1441235597513471,0.2439841379327941,0.14466248171290338,0.14388352076520727,0.07945945979099697
0.2,81,0.9975843268668582,0.9580712788259959,0.9587700908455625,0.07671255333026959,0.1750615073306434,0.1386136386165606,0.25064431282304467,0.13928506690284598,0.15141048903257712,0.06827243196405865
0.2,82,0.9890396138904421,0.9654088050314465,0.9283717679944095,0.08246683654466129,0.15816962281905778,0.10278892060140765,0.28288942353647606,0.1849862859879615,0.11905036410710897,0.06964854640332688
0.2,83,0.9960042015300191,0.9517819706498952,0.9594689028651293,0.08377753133227041,0.1357364614076893,0.1407740695855254,0.2601689997070719,0.1808613080693242,0.12737575385068445,0.07130587604743421
0.2,84,0.9896963472816989,0.9444444444444444,0.9412997903563941,0.07394172660713733,0.1389707675270749,0.13291780130669092,0.2614418975253215,0.13369494459069867,0.15747116953864465,0.10156169290443195
0.2,85,0.9971073263896022,0.9716981132075472,0.9612159329140462,0.07630759350433486,0.17316302137320114,0.13744146455773035,0.2563030797025095,0.14578710238400236,0.1223935513012698,0.08860418717695209
0.2,86,0.9774408371618898,0.9119496855345912,0.8962264150943396,0.06658974734943758,0.14155155627298774,0.14480775915039365,0.22508328554509488,0.1955290363862037,0.14622594955613996,0.0802126657397425
0.2,87,0.9985231593628726,0.9832285115303984,0.9744933612858141,0.07191584525539924,0.16051900640194508,0.13821831286123804,0.23981060925867687,0.1628313563952251,0.14578078197450564,0.08092408785301002
0.2,88,0.9826677394242401,0.9528301886792453,0.9028651292802237,0.061859442160305006,0.1787593674025574,0.1409792366441253,0.2891135222384589,0.13768423740986957,0.11593581048479235,0.07566838365989152
0.2,89,0.9871384340851247,0.9643605870020965,0.9220824598183088,0.06419561863312566,0.16619460340807474,0.11859135286823964,0.28896674166845576,0.16854908393215604,0.113001401900224,0.08050119758972422
0.2,90,0.9944257907165087,0.9465408805031447,0.9517819706498952,0.08224547553497275,0.14210167891783623,0.12591195485009848,0.23989147481989145,0.186817137652549,0.14190798568499796,0.08112429253965411
0.2,91,0.9963543431197156,0.9853249475890985,0.9528301886792453,0.07092386926114029,0.16259857779818235,0.12464363656708108,0.2666290748304063,0.15651459105834303,0.12866292331847165,0.09002732716637522
0.2,92,0.9972254194858882,0.9570230607966457,0.9699510831586303,0.07626347425716418,0.14837384396282932,0.11436156066726627,0.2463801901148938,0.1860467082859548,0.14855564119780337,0.08001858151408821
0.2,93,0.9989450128018645,0.9832285115303984,0.9765897973445143,0.07403057853721427,0.16740324587421232,0.13483679842883836,0.2387668411393067,0.15847378467163037,0.15245140856201686,0.07403734278678106
0.2,94,0.9779051746875449,0.9339622641509434,0.8944793850454228,0.06868839687879431,0.174555521504762,0.11701409816723969,0.2022765010199056,0.18060405445547714,0.16168294780972875,0.09517848016409258
0.2,95,0.9925447354039671,0.9654088050314465,0.9315164220824598,0.06536051515904247,0.17841676291763955,0.11234260780265536,0.27256502790255477,0.15910404711841503,0.1334756596266401,0.07873537947305272
0.2,96,0.9875531778490747,0.9360587002096437,0.9255765199161425,0.08904093594617397,0.18235362586343726,0.12742027423750035,0.2074553341782467,0.15257892049331426,0.16708247213644734,0.07406843714488004
0.2,97,0.9859166036425299,0.9758909853249476,0.916491963661775,0.07134765135052089,0.15270633737237901,0.13378523360322372,0.2850478212806011,0.14281158147941347,0.13831177485333995,0.07598960006052184
0.2,98,0.9961108389297706,0.9832285115303984,0.9528301886792453,0.08389942839028222,0.1610450485676709,0.11742009492378211,0.2619895425398131,0.15260659655560313,0.12869033644723318,0.09434895257561543
0.2,99,0.9956676371025802,0.9727463312368972,0.9584206848357791,0.08355942079851564,0.1713729140734507,0.10774378285424277,0.22249789846363455,0.16593539226458826,0.15376491517466842,0.09512567637089962
0.2,100,0.9985033226487455,0.9811320754716981,0.972396925227114,0.07823569047889826,0.1660450391320585,0.127797106464954,0.2529403887275111,0.1717567251968846,0.12192581294942173,0.08129923705027176
0.2,101,0.990217459684301,0.939203354297694,0.9343116701607268,0.07648630456121087,0.20008947098532895,0.13624089085336136,0.2254015002222607,0.149857524598808,0.13667592482562405,0.07524838395340598
0.2,102,0.9798755499858597,0.9486373165618449,0.9063591893780573,0.08500782702901989,0.1777994414598663,0.13056556755192597,0.21009201109466952,0.17378787444601587,0.12576196853873603,0.09698530987976639
0.2,103,0.9930291745349984,0.9748427672955975,0.9416491963661775,0.0775127459923122,0.14397280324583864,0.12425738447698348,0.271721372348148,0.15657641725726842,0.1378035466987324,0.088155729980717
0.2,104,0.9829864534763972,0.9675052410901468,0.9088050314465409,0.07775441707898159,0.14453685903686583,0.11883545360516495,0.2870711466586499,0.14911323862278683,0.12300417061266124,0.09968471438488967
0.2,105,0.9953921302738875,0.9454926624737946,0.9549266247379455,0.07296643831090337,0.19439391111803983,0.128589344385503,0.23436800899201116,0.1447526381782514,0.13768935196473595,0.0872403070505552
0.2,106,0.9953527592191463,0.9758909853249476,0.9517819706498952,0.07920228667077418,0.1493377391077006,0.1397233046664333,0.26794170804366824,0.15080638043145186,0.141715724212707,0.07127285686726474
0.2,107,0.9919517728187441,0.9465408805031447,0.9245283018867925,0.06898448682766617,0.19080771455388099,0.10850472099161663,0.2647504456886188,0.15777308612461957,0.12113158894699269,0.08804795686660509
0.2,108,0.9887514896776353,0.9517819706498952,0.9199860237596087,0.07690366506249309,0.17738342289906403,0.10061819866623745,0.2739752138316355,0.15944860845987047,0.11387837210684294,0.09779251897385662
0.2,109,0.9940384290868649,0.9622641509433962,0.9489867225716282,0.09328139551851934,0.14904670839932643,0.13196602537259766,0.22995290273086577,0.17554326022777672,0.14549123239673858,0.0747184753541755
0.2,110,0.995355938232015,0.9758909853249476,0.9573724668064291,0.0723105551700105,0.16809067267335062,0.15557752202573585,0.23457648226481748,0.1523429414237925,0.13574450426295256,0.08135732217934041
0.2,111,0.9705099373702735,0.9129979035639413,0.8839972047519218,0.08439087810012093,0.14693906263142914,0.14842958627936834,0.21155129670467826,0.18689110699699607,0.1388084739954125,0.08298959529199472
0.2,112,0.9763380022922987,0.9203354297693921,0.8972746331236897,0.07625416084914619,0.15030880526486137,0.14390558142076096,0.21405093209672493,0.18673379223404002,0.15554764779497426,0.07319908033949245
0.2,113,0.9941092831976754,0.9706498951781971,0.9416491963661775,0.06408387591366067,0.15438906091446208,0.14659445779462527,0.2702719710031791,0.14298364103847966,0.13277558885385157,0.0889014044817416
0.2,114,0.9985852928490901,0.9874213836477987,0.9737945492662474,0.06853275620366281,0.16670187120234564,0.1410974867981407,0.24249413023920716,0.15446930534601452,0.13251694911704906,0.09418750109357994
0.2,115,0.9936483442021438,0.9528301886792453,0.9479385045422781,0.09681178392600509,0.14221152601424789,0.11244070094492493,0.23280025977773358,0.18716935430451023,0.13765073701445707,0.0909156380181212
0.2,116,0.9968843731637508,0.950733752620545,0.9556254367575122,0.07353204180356461,0.17840261650845624,0.142553778837593,0.24675553693415406,0.1297901656551635,0.14462804276784216,0.0843378174932265
0.2,117,0.9960998563915326,0.9580712788259959,0.9538784067085954,0.08052084826548224,0.1819741063385626,0.14505064934160383,0.24795294754656813,0.13798731605840034,0.12613423834091453,0.08037989410846828
0.2,118,0.9950915685144355,0.9591194968553459,0.9510831586303284,0.07500967077137538,0.1622373177421245,0.13728887423527694,0.26288017099759503,0.18478792341101918,0.1106256829992496,0.06717035984335933
0.2,119,0.984030053792228,0.9517819706498952,0.9161425576519916,0.07561881560581149,0.15821693360180147,0.13259790333798627,0.2109498697708143,0.17052373046692204,0.15429487091577118,0.09779787630089315
0.2,120,0.9941699148917608,0.9308176100628931,0.9406009783368274,0.07380667230120518,0.18197780967553503,0.1344570233189224,0.25278023115537707,0.1262279881384717,0.1532392693556733,0.07751100605481533
0.2,121,0.9885704588158636,0.9633123689727463,0.926974143955276,0.06061235371444146,0.16750066285484674,0.10892399899331444,0.2858936629986316,0.17541841896474802,0.11390143474968559,0.08774946772433215
0.2,122,0.9912285991987572,0.9549266247379455,0.9447938504542278,0.07524767559226202,0.16190616166535118,0.1504612607402577,0.2183257795268278,0.138649708600172,0.15775471090128723,0.09765470297384211
0.2,123,0.9975004409247935,0.9748427672955975,0.9647099930118798,0.07770855285937647,0.1659232277595812,0.10309684981225449,0.25291211148412657,0.18571383365650243,0.12387420646591184,0.09077121796224706
0.2,124,0.9829780117574394,0.950733752620545,0.916491963661775,0.07265310518511439,0.13669280320952312,0.1283877393797891,0.28080679303048517,0.1438728395639974,0.1641465502017242,0.07344016942936661
0.2,125,0.9914282389126371,0.9528301886792453,0.9447938504542278,0.08426629118817558,0.1428956300770074,0.12456503904931586,0.22379707461301107,0.1676519336121889,0.16381833800220383,0.09300569345809725
0.2,126,0.9900064616006203,0.9633123689727463,0.9378057302585604,0.08031206110190638,0.17846439660440233,0.14363849901170297,0.21607457442731884,0.14972121168345434,0.1428632344240258,0.08892602274718928
0.2,127,0.9883711695445648,0.949685534591195,0.9287211740041929,0.08629774613466974,0.14865806325731273,0.15316895519823862,0.23038488484258499,0.1696913285199296,0.12119260919319408,0.09060641285407017
0.2,128,0.9956312085161116,0.9748427672955975,0.9552760307477288,0.07158403452812045,0.1615026731785174,0.13300717201373588,0.23415652786455982,0.1699745022261569,0.1311509452928161,0.09862414489609339
0.2,129,0.995141272649798,0.9622641509433962,0.9538784067085954,0.06047893027475436,0.16473457835156255,0.13416298542163546,0.2728382268755146,0.1764674785727735,0.11234720721719939,0.07897059328656011
0.2,130,0.9985803853676113,0.9737945492662474,0.976240391334731,0.06905692091756793,0.16785906893028837,0.13665887457926562,0.2405767793709856,0.14880854137219213,0.16213522257574886,0.07490459225395152
0.2,131,0.9964775232032479,0.9737945492662474,0.9654088050314465,0.07603605204652059,0.15400706523475627,0.10583903594460972,0.26596469119313526,0.18216563628420052,0.13159344007120446,0.08439407922557328
0.2,132,0.996098164244231,0.9727463312368972,0.9566736547868623,0.06629428502520895,0.18296602834050857,0.13178138844037668,0.23715516872157455,0.15650596832098979,0.12383688071269502,0.10146028043864647
0.2,133,0.9698457269307986,0.910901467505241,0.8839972047519218,0.08632353061706194,0.14321216941434398,0.13266250682425484,0.20934787948980102,0.19326652721845328,0.13785976340088474,0.09732762303520014
0.2,134,0.9944728580050213,0.9412997903563941,0.9552760307477288,0.07084715033969953,0.1416805585706886,0.1317446933097078,0.27325930940759846,0.18798433920986873,0.11695725590392436,0.07752669325851265
0.2,135,0.9948033937447992,0.9528301886792453,0.9552760307477288,0.07398971420421137,0.14251926357338324,0.1592041289691958,0.2506777616489705,0.13832091717190334,0.1559088270271786,0.07937938740515721
0.2,136,0.9934256008465633,0.9811320754716981,0.9423480083857443,0.08315506623484181,0.1539085671446238,0.12012270687824829,0.27265423159069335,0.159368570497124,0.13576660852318898,0.07502424913127978
0.2,137,0.9948518619190994,0.9570230607966457,0.9566736547868623,0.08327303971197934,0.13158126274850696,0.13651655869913448,0.2562099796580142,0.15818627007329208,0.15001446551415012,0.0842184235949229
0.2,138,0.9959251033113893,0.9790356394129979,0.9538784067085954,0.07319094877415443,0.16609808029271367,0.10429806314814807,0.26400236433359014,0.17246733000996486,0.1487219219807517,0.07122129146067706
0.2,139,0.9864734247427094,0.9423480083857443,0.9234800838574424,0.08922018282648925,0.18837605847642336,0.14433214737989475,0.21792425044922067,0.15293877658867353,0.1283095124862002,0.07889907179309817
0.2,140,0.9730084854609253,0.9213836477987422,0.8948287910552062,0.08011401404907388,0.14036288741404568,0.14696122208792947,0.20503682509647347,0.1666753232262714,0.16640016093001533,0.09444956719619058
0.2,141,0.9930010181265844,0.9737945492662474,0.9451432564640112,0.060854021009386305,0.18087916790600742,0.12749335072694812,0.22553850422179794,0.17057123813682706,0.14714175633393795,0.08752196166509514
0.2,142,0.974236039273818,0.9046121593291404,0.8770090845562544,0.0857037968009129,0.18137750827444532,0.09807563063589729,0.2802430266557665,0.12631493857663745,0.15363757342809373,0.07464752562824678
0.2,143,0.9768347682922581,0.940251572327044,0.9039133473095737,0.07191691032622849,0.1828100122883759,0.1350982113663218,0.21718745359851152,0.18444807593515106,0.11925111870809742,0.08928821777731391
0.2,144,0.9985494241055634,0.9748427672955975,0.977288609364081,0.08572567053068017,0.16833806296643103,0.13773575989325934,0.2367927301955577,0.14179333070280886,0.13813412881869586,0.091480316892567
0.2,145,0.9779925788210311,0.9276729559748428,0.896575821104123,0.05815777616578985,0.18316970698631113,0.13675134385372656,0.21145400396201855,0.18319184972217378,0.16004439069997564,0.06723092861000446
0.2,146,0.9988348001165798,0.9790356394129979,0.9727463312368972,0.06671275078706762,0.17494315549176293,0.10779785131772764,0.2498712891675852,0.1646694340183969,0.14713545696346034,0.08887006225399932
0.2,147,0.9950955235981283,0.9612159329140462,0.9559748427672956,0.08078193506368829,0.13835521169011025,0.13774530035942312,0.27109451481959324,0.16757146868726278,0.13336429974649255,0.0710872696334297
0.2,148,0.9985683922179828,0.9758909853249476,0.9671558350803634,0.07467574717941662,0.17443995579855026,0.12003371535855321,0.25493124507427894,0.16697632489154626,0.1389566865045341,0.06998632519312066
0.2,149,0.986345456852817,0.9528301886792453,0.9224318658280922,0.07487604681604408,0.17682129056043655,0.1455131801599559,0.2271412159747617,0.1778097594922225,0.12764688504610536,0.07019162195047383
0.2,150,0.9883235579201531,0.9654088050314465,0.9203354297693921,0.07287752307360955,0.16902609730477092,0.12277423928606575,0.2809292529394864,0.1496329508150018,0.1380867549317729,0.06667318164929274
0.2,151,0.9979015929730848,0.9727463312368972,0.9594689028651293,0.06617054723837515,0.1769774244963065,0.1310213802939162,0.25813900754055796,0.15111503380006971,0.13810726465843026,0.07846934197234419
0.2,152,0.9962921254918969,0.9779874213836478,0.9622641509433962,0.0941769113887749,0.15502037102106148,0.12233337043193689,0.22789182470132877,0.16770799696570807,0.1493574750248974,0.08351205046629256
0.2,153,0.9940354333528677,0.9423480083857443,0.9374563242487771,0.07214852936037917,0.18378234969558793,0.12853982993178628,0.25816776689417875,0.13398108011174373,0.13326541391132138,0.09011503009500273
0.2,154,0.9942541686769116,0.9706498951781971,0.9479385045422781,0.07899627389921417,0.17050469224287923,0.12208385142538968,0.23127717867240968,0.17903691136050465,0.13099379207423373,0.08710730032536883
0.2,155,0.9918671378395235,0.949685534591195,0.9461914744933613,0.07378807217114812,0.13292989858219328,0.1057777062636066,0.2650110118183619,0.17221322406018796,0.1509673500700745,0.09931273703442758
0.2,156,0.9930300663281656,0.9423480083857443,0.9381551362683438,0.086680231165337,0.16601551028279385,0.11320616095995446,0.2578389987410718,0.13653591910129803,0.14966930863055977,0.09005387111898507
0.2,157,0.9967431930108367,0.9727463312368972,0.9608665269042628,0.06980337071809042,0.15652164601439708,0.12432754063896129,0.2351954033932953,0.17025668235994404,0.1371844071524915,0.1067109497228205
0.2,158,0.992227615135811,0.9339622641509434,0.9378057302585604,0.0899632807361856,0.19686692426767177,0.12005682367593933,0.22674275630405807,0.15097036129591224,0.13807781212434747,0.0773220415958855
0.2,159,0.9795657619505971,0.940251572327044,0.8997204751921734,0.061782314458016505,0.18360385414767447,0.11040123461206335,0.20191041026356743,0.17728469154474233,0.16227889336090243,0.10273860161303361
0.2,160,0.9882673208418224,0.9612159329140462,0.9203354297693921,0.07441817282919733,0.15932323631276035,0.12353644971015848,0.27289949511843736,0.13401700795853685,0.14520066768317427,0.09060497038773536
0.2,161,0.9834196654095783,0.9381551362683438,0.9168413696715584,0.06804265263774933,0.19202267541986698,0.1152483672201038,0.22397424989108164,0.19334490807619314,0.13236922224252776,0.0749979245124775
0.2,162,0.9987769115658378,0.9811320754716981,0.9716981132075472,0.0863678078787064,0.15168277534002939,0.13343105757111298,0.25305067427243616,0.15464577992078452,0.12842135783482073,0.0924005471821098
0.2,163,0.9929551376520361,0.949685534591195,0.9447938504542278,0.07182402612484366,0.16495177822319257,0.11499612833615161,0.24293083131477128,0.20123437268351652,0.13165085113243072,0.07241201218509363
0.2,164,0.9941081499120323,0.9643605870020965,0.9444444444444444,0.08139983017103332,0.15882039502987177,0.13255294398907524,0.2611797192881924,0.13345473857865178,0.13762189816036527,0.09497047478281005
0.2,165,0.987549781405906,0.9612159329140462,0.9311670160726765,0.08455408713858056,0.15795345768647992,0.14768278949224675,0.2181552368932747,0.16057916893537627,0.13578909362128858,0.09528616623275311
0.2,166,0.9858298492154365,0.9444444444444444,0.9133473095737247,0.06834005803712104,0.16629425209284884,0.10551034438259826,0.2720965722346571,0.13705694110894467,0.15903864472241933,0.09166318742141073
0.2,167,0.9981920296149033,0.9737945492662474,0.9765897973445143,0.0779345111276529,0.16003777888584078,0.1328902794263949,0.237346251737756,0.14990106190060115,0.16239876364114975,0.07949135328060451
0.2,168,0.9971074731398517,0.9737945492662474,0.9577218728162125,0.06654852489414202,0.1791351820439563,0.10844467842179088,0.25734128363757797,0.1796575078580203,0.13228251408095182,0.07659030906356085
0.2,169,0.9866972170211977,0.9528301886792453,0.9189378057302585,0.0713852911229908,0.15874461957662225,0.10703802898846561,0.2712453623404209,0.13785882847852038,0.15353793331476706,0.10018993617821306
0.2,170,0.9925557636893635,0.9591194968553459,0.9350104821802935,0.08301537096854163,0.17247536660199692,0.120851693016131,0.2701044715627675,0.1665873704727993,0.10635046112561407,0.08061526625214957
0.2,171,0.9875771756749571,0.940251572327044,0.9189378057302585,0.07338299378152392,0.1641654783213358,0.11695671430549259,0.2668310453246124,0.12747726420806352,0.15580648511649903,0.09538001894247289
0.2,172,0.9949582579922256,0.9664570230607966,0.9524807826694619,0.07362733885532204,0.14485141279452363,0.12743180386864575,0.2704588877858648,0.1648509141246022,0.14457192115559125,0.07420772141545023
0.2,173,0.996522428378789,0.9737945492662474,0.960167714884696,0.06300888181180996,0.17300221992177853,0.12221819776801757,0.23627844392552388,0.17876570197710615,0.14749120462434864,0.07923534997141522
0.2,174,0.997919568786798,0.9727463312368972,0.9727463312368972,0.06864031635090004,0.15416377703345957,0.13519031226911504,0.24360478406592664,0.15010181894788627,0.15886608802840604,0.08943290330430642
0.2,175,0.9915999776696816,0.9517819706498952,0.9406009783368274,0.09086240365753315,0.1772135979465754,0.1304910036725602,0.21405193550615573,0.15152685459699697,0.15703145770019133,0.0788227469199872
0.2,176,0.9850639988317073,0.9570230607966457,0.909853249475891,0.06456225239334867,0.17247835292706823,0.1451620569991204,0.28270266880259637,0.12896430763579877,0.12202813689556609,0.08410222434650155
0.2,177,0.9903016572322356,0.929769392033543,0.93361285814116,0.07310208990324159,0.14005000739919643,0.125142075070482,0.23666564919017727,0.19297590198641762,0.13979480580399234,0.09226947064649275
0.2,178,0.998706936311838,0.980083857442348,0.9765897973445143,0.08277706310388468,0.14707201068124565,0.11881239784336174,0.247383237162701,0.1667986277594554,0.14445232931549037,0.09270433413386131
0.2,179,0.9966405054843009,0.9769392033542977,0.9615653389238294,0.06184190259138616,0.16030330753239722,0.11308323788510356,0.26470967781204063,0.17068191831925936,0.15412099532436335,0.07525896053544984
0.2,180,0.9810684131067434,0.9475890985324947,0.910901467505241,0.0681285442781682,0.13691959815645124,0.12002248586117661,0.28360161986559934,0.14605824305232318,0.1618879300458736,0.08338157874040786
0.2,181,0.9911069462548764,0.9454926624737946,0.93361285814116,0.07056684125596051,0.13530560171488842,0.1456689453795698,0.27883284153964377,0.16242270125584068,0.11731894039673943,0.08988412845735722
0.2,182,0.996188462680175,0.9706498951781971,0.9521313766596785,0.07538416655760861,0.16827516424711064,0.1395982561310631,0.25886103049065917,0.14409743261926214,0.11621247358864721,0.09757147636564896
0.2,183,0.994520022302387,0.9675052410901468,0.956324248777079,0.06873277375214154,0.15991788341441912,0.1341413019259197,0.22954370236675292,0.16713405923341362,0.16699252609997411,0.07353775320737897
0.2,184,0.9951352421377792,0.9696016771488469,0.9510831586303284,0.08986261699776098,0.16441846045919767,0.12557273208443098,0.23498149104559882,0.17652875577110477,0.12250314718957958,0.08613279645232727
0.2,185,0.9962940006001896,0.9549266247379455,0.9619147449336128,0.07482524067360267,0.18332009211887962,0.11711596029216699,0.22600964779206514,0.15267509989865086,0.15998305044734346,0.08607090877729129
0.2,186,0.9929626574897411,0.9475890985324947,0.9531795946890287,0.07468206580925499,0.1433583883080213,0.14387035992969538,0.23692664458130766,0.1365529146557401,0.17034080305792465,0.09426882365805588
0.2,187,0.9912271528698714,0.9454926624737946,0.944095038434661,0.07028078151374142,0.13889358682945338,0.10757789293597204,0.27959833414856844,0.18850138993331644,0.12754805546899564,0.08759995916995265
0.2,188,0.9854172438892671,0.9423480083857443,0.9210342417889588,0.06297605899094899,0.13308845486102833,0.14378884433327077,0.2875956751723773,0.1540010078665672,0.12524361736107834,0.09330634141472918
0.2,189,0.985789353886275,0.940251572327044,0.9252271139063591,0.07303289737899843,0.1437851788574451,0.14971637919646386,0.22058005850998072,0.1628644627271613,0.16427985308779397,0.08574117024215647
0.2,190,0.9919366223688711,0.9654088050314465,0.9426974143955276,0.0742584609777448,0.18012044478723854,0.11602646973904533,0.23000712767517162,0.18127887196383993,0.12427822999767324,0.0940303948592865
0.2,191,0.992230074950833,0.9454926624737946,0.9395527603074773,0.07449671313605827,0.1493997803542096,0.12868293699431252,0.23365501707413766,0.18739365458624724,0.1459242877300701,0.0804476101249646
0.2,192,0.9877470845318521,0.9339622641509434,0.9329140461215933,0.08023779122621698,0.19669381230627428,0.14538323122992175,0.21470871905349054,0.13621919418632775,0.1446942614206412,0.08206299057712765
0.2,193,0.9696180245279851,0.9161425576519916,0.8850454227812719,0.0815278994152164,0.1917410516224524,0.12084370785436407,0.1994456578388233,0.17874395990588127,0.12949401179692083,0.09820371156634165
0.2,194,0.9941066211691572,0.9612159329140462,0.9412997903563941,0.06692886761426942,0.1797929162432268,0.1370606162400285,0.2628625340420803,0.14227195328389758,0.1156604747819701,0.09542263779452718
0.2,195,0.9973156134496965,0.9633123689727463,0.9713487071977638,0.06986862627681,0.14675337919521192,0.11907626021617855,0.2554305537407101,0.18095475565251373,0.15455533630094367,0.07336108861763213
0.2,196,0.9941568452603623,0.9612159329140462,0.9409503843466107,0.062468407862475255,0.18454520666341642,0.11212085278802032,0.2659874022286406,0.16629733245327694,0.11879671447969714,0.0897840835244734
0.2,197,0.9949783704055405,0.960167714884696,0.9486373165618449,0.07669396038976714,0.147506028537198,0.1432673837525307,0.24040437337639195,0.17282900824141686,0.13067456226290106,0.08862468343979434
0.2,198,0.9924693499473003,0.9654088050314465,0.9423480083857443,0.07878770490099149,0.16143086562530032,0.11283781947371425,0.22371282115539645,0.18139703257462564,0.16058384361762792,0.0812499126523438
0.2,199,0.9971253854050957,0.9779874213836478,0.9619147449336128,0.06885177409834872,0.1798351302156423,0.12430117151790288,0.23762453848122075,0.158806054245685,0.12436233123500989,0.1062190002061904
0.2,200,0.9845770775649105,0.9433962264150944,0.9210342417889588,0.07008928908916105,0.13188313390751782,0.14838912110879046,0.2930112768162754,0.16054640959852975,0.1220179692069671,0.07406280027275848
