数据集ID,数据资源名称,数据领域,数据资源提供部门,数据资源类型,开放属性,更新频率,ActualUse_type_percentile,PotentialUse_CRITIC_percentile,DormantScore_rule,ExpectedUse_model_percentile,DormantScore_model,topic_public_value_score,semantic_clarity_score,data_richness_score,machine_readability_score,timeliness_score,spatiotemporal_capability_score,combinability_score,detail_url
O2813839472025061,金山区博物馆活动表,文化休闲,上海市金山区人民政府,数据接口,无条件开放,每天,0.0324450772986167,0.947373938567984,0.9149288612693672,0.3363035957647552,0.3038585184661385,0.4916666666666666,0.5315800330033004,0.3763571129919014,1.0,0.9652987421383648,0.7749999999999999,0.8179524354786482,https://data.sh.gov.cn/view/detail/index.html?type=jk&&id=O2813839472025061&&companyFlag=0
O2813839472025069,金山区博物馆活动场次表,文化休闲,上海市金山区人民政府,数据接口,无条件开放,每天,0.0324450772986167,0.9445434531921584,0.9120983758935416,0.3760352238180103,0.3435901465193936,0.4916666666666666,0.5662747524752475,0.3130972045672973,1.0,0.9652987421383648,0.7749999999999999,0.8265184864647392,https://data.sh.gov.cn/view/detail/index.html?type=jk&&id=O2813839472025069&&companyFlag=0
O2813841502026180,徐汇区智慧健康驿站地址分布管理数据汇总,民生服务,上海市徐汇区人民政府,数据产品,无条件开放,每年,0.0022717438338381,0.8672816857112905,0.8650099418774523,0.2565258412831533,0.2542540974493152,0.8791666666666665,0.7904496699669966,0.1484190947978494,1.0,0.5732971698113208,0.675,0.5025,https://data.sh.gov.cn/view/detail/index.html?type=cp&&id=O2813841502026180&&companyFlag=0
O2813842482025001,黄浦区市网格案件信息表,公共安全,上海市黄浦区人民政府,数据接口,有条件开放,每月,0.1642595606183889,0.9962260194988992,0.8319664588805102,0.246461893280218,0.0822023326618291,0.7583333333333334,0.6328589108910891,0.9047085477604516,1.0,0.8187893081761006,0.675,0.85,https://data.sh.gov.cn/view/detail/index.html?type=jk&&id=O2813842482025001&&companyFlag=0
O6774177612025002,公开募捐资格认定,民生服务,上海市民政局,数据接口,无条件开放,每年,0.0587876322213181,0.8875144145088584,0.8287267822875403,0.3109340601740224,0.2521464279527043,0.7124999999999999,0.506559405940594,0.6708041807988451,1.0,0.6149842767295598,0.485,0.791863773801906,https://data.sh.gov.cn/view/detail/index.html?type=jk&&id=O6774177612025002&&companyFlag=0
O2813839472025067,金山区博物馆巡检地面文物记录表,文化休闲,上海市金山区人民政府,数据接口,无条件开放,每天,0.1434092758340114,0.9682356641157354,0.8248263882817239,0.3764545549847992,0.2330452791507878,0.5333333333333333,0.6502681518151816,0.3197622765272817,1.0,0.9652987421383648,0.7749999999999999,0.803099458001866,https://data.sh.gov.cn/view/detail/index.html?type=jk&&id=O2813839472025067&&companyFlag=0
O2813839472025072,金山区博物馆地面文物巡查登记表,文化休闲,上海市金山区人民政府,数据接口,无条件开放,每天,0.0890968266883645,0.9081664744732152,0.8190696477848507,0.3749868959010378,0.2858900692126733,0.4916666666666666,0.6044760726072608,0.3463751722703672,1.0,0.9652987421383648,0.575,0.6191226335199949,https://data.sh.gov.cn/view/detail/index.html?type=jk&&id=O2813839472025072&&companyFlag=0
O2813839472026010,金山区“宝宝屋”情况表,民生服务,上海市金山区人民政府,数据产品,无条件开放,不定期更新,0.1589138900908697,0.9168675961840864,0.7579537060932167,0.2927979872103994,0.1338840971195297,0.7958333333333333,0.5808787128712871,0.3203210860327059,1.0,0.472940251572327,0.975,0.7751598659416539,https://data.sh.gov.cn/view/detail/index.html?type=cp&&id=O2813839472026010&&companyFlag=0
O2813839472025060,金山区博物馆文物展览表,文化休闲,上海市金山区人民政府,数据接口,无条件开放,每天,0.0121033360455655,0.760037739805011,0.7479344037594455,0.3341021071391131,0.3219987710935476,0.5333333333333333,0.5912747524752475,0.4547049355054137,0.42,0.9652987421383648,0.975,0.773634595396312,https://data.sh.gov.cn/view/detail/index.html?type=jk&&id=O2813839472025060&&companyFlag=0
O2813839472025073,金山区公共文化资源表,文化休闲,上海市金山区人民政府,数据接口,无条件开放,每天,0.2303702196908055,0.972009644616836,0.7416394249260306,0.3223608344690219,0.0919906147782164,0.4916666666666666,0.5627887788778878,0.4633905716845528,1.0,0.9652987421383648,0.7749999999999999,0.8403764427211863,https://data.sh.gov.cn/view/detail/index.html?type=jk&&id=O2813839472025073&&companyFlag=0
14241,浦东新区林长制工作,机构团体,上海市浦东新区人民政府,数据产品,有条件开放,每年,0.0817827780181739,0.8133976307789076,0.7316148527607337,0.1722402767585701,0.0904574987403962,0.4541666666666667,0.5107879537953796,0.4491947795890549,1.0,0.3981603773584906,0.975,0.5717261344435873,https://data.sh.gov.cn/view/detail/index.html?type=cp&&id=14241&&companyFlag=0
O1928138382025976,长宁区重大建设项目进展情况,城市建设,上海市长宁区人民政府,数据产品,有条件开放,每年,0.0999567286888792,0.8237760771569347,0.7238193484680554,0.164901981339763,0.0649452526508838,0.7208333333333333,0.6883457095709571,0.5089725668822536,1.0,0.4278773584905661,0.475,0.7150197183500832,https://data.sh.gov.cn/view/detail/index.html?type=cp&&id=O1928138382025976&&companyFlag=0
14448,闵行区吴泾镇集体资产监管权限级别信息,机构团体,上海市闵行区人民政府,数据接口,无条件开放,每天,0.2676973148901546,0.9903553831638536,0.722658068273699,0.3789705419855331,0.1112732270953785,0.5791666666666667,0.7592409240924092,0.4336317761951289,1.0,0.9652987421383648,0.7749999999999999,0.805310256037321,https://data.sh.gov.cn/view/detail/index.html?type=jk&&id=14448&&companyFlag=0
O1928138412025030,徐汇区田林街道社区党建服务中心,民生服务,上海市徐汇区人民政府,数据产品,无条件开放,每年,0.174167027260926,0.8904497326763812,0.7162827054154551,0.3286508019708565,0.1544837747099305,0.8791666666666665,0.7938325082508251,0.2414209739419754,1.0,0.4113679245283019,0.7749999999999999,0.6530751181314588,https://data.sh.gov.cn/view/detail/index.html?type=cp&&id=O1928138412025030&&companyFlag=0
O1928138412025022,徐汇区枫林街道社区党建服务中心,民生服务,上海市徐汇区人民政府,数据产品,无条件开放,每年,0.1870402423193422,0.8939092148023902,0.7068689724830479,0.328021805220673,0.1409815629013308,0.8791666666666665,0.7938325082508251,0.2559616422079259,1.0,0.4113679245283019,0.7749999999999999,0.6530751181314588,https://data.sh.gov.cn/view/detail/index.html?type=cp&&id=O1928138412025022&&companyFlag=0
O1928138402025119,闵行区新虹街道业委会提议记录信息,民生服务,上海市闵行区人民政府,数据接口,无条件开放,不定期更新,0.2903783563873067,0.9943390292483488,0.7039606728610421,0.4064367334102107,0.116058377022904,0.8374999999999999,0.7307343234323432,0.5931101219411165,1.0,0.5752987421383647,0.975,0.9386486566218912,https://data.sh.gov.cn/view/detail/index.html?type=jk&&id=O1928138402025119&&companyFlag=0
O1928138382025963,青浦区华新镇管达人问题表,社会发展,上海市青浦区人民政府,数据接口,有条件开放,每天,0.2303702196908055,0.9337456756473425,0.7033754559565369,0.4594821260090156,0.2291119063182101,0.6875,0.6752062706270626,0.881356234439195,0.42,0.9652987421383648,0.975,0.817047843463087,https://data.sh.gov.cn/view/detail/index.html?type=jk&&id=O1928138382025963&&companyFlag=0
O9780654712025037,文化娱乐场所许可证,文化休闲,上海市文化和旅游局,数据接口,无条件开放,每天,0.2903783563873067,0.9932907013313764,0.7029123449440697,0.5043505608554356,0.2139722044681289,0.575,0.5434612211221121,0.584895058491452,1.0,0.9201729559748428,0.985,0.8239774706135341,https://data.sh.gov.cn/view/detail/index.html?type=jk&&id=O9780654712025037&&companyFlag=0
O1928138412025031,徐汇区斜土街道社区党建服务中心,民生服务,上海市徐汇区人民政府,数据产品,无条件开放,每年,0.1870402423193422,0.8898207359261977,0.7027804936068555,0.3197924310724394,0.1327521887530972,0.8791666666666665,0.7938325082508251,0.2394701747988699,1.0,0.4113679245283019,0.7749999999999999,0.6530751181314588,https://data.sh.gov.cn/view/detail/index.html?type=cp&&id=O1928138412025031&&companyFlag=0
O1928138412025053,徐汇区康复辅助社区租赁点,民生服务,上海市徐汇区人民政府,数据产品,无条件开放,每年,0.1840112505408914,0.8811196142153266,0.6971083636744352,0.3204738442184715,0.1364625936775801,0.9208333333333332,0.801443894389439,0.2117432494281242,1.0,0.4069654088050315,0.675,0.7530751181314588,https://data.sh.gov.cn/view/detail/index.html?type=cp&&id=O1928138412025053&&companyFlag=0
O2813838352026094,崇明区长护险服务音频信息,卫生健康,上海市崇明区人民政府,数据接口,有条件开放,每月,0.0890968266883645,0.7847782786455604,0.6956814519571959,0.1600796729216899,0.0709828462333254,0.8374999999999999,0.640552805280528,0.893254087822212,0.42,0.721061320754717,0.675,0.7979928670108817,https://data.sh.gov.cn/view/detail/index.html?type=jk&&id=O2813838352026094&&companyFlag=0
O2813838802025006,嘉定区道路交通视频监控设备资产表,道路交通,上海市嘉定区人民政府,数据产品,有条件开放,每年,0.1108827347468628,0.8051158402348254,0.6942331054879626,0.251598700073383,0.1407159653265201,0.7625,0.699546204620462,0.4741908442087733,1.0,0.3999481132075472,0.475,0.6967778658010754,https://data.sh.gov.cn/view/detail/index.html?type=cp&&id=O2813838802025006&&companyFlag=0
O9351158002025052,行政审批_出口国家重点保护野生植物或进出口中国参加的国际公约限制进出口野生植物或其制品审批（国家林草局委托范围内）行政许可文书,城市建设,上海市绿化和市容管理局,数据接口,无条件开放,每月,0.2798006509357201,0.9726386413670196,0.6928379904312996,0.3939616311982388,0.1141609802625187,0.6375,0.444059405940594,0.7024578723931202,1.0,0.8352987421383649,0.7849999999999999,0.8194555449888871,https://data.sh.gov.cn/view/detail/index.html?type=jk&&id=O9351158002025052&&companyFlag=0
O2813841502026178,徐汇区接种门诊信息,卫生健康,上海市徐汇区人民政府,数据产品,无条件开放,每年,0.1066637819125919,0.7984065415662019,0.69174275965361,0.2992976202956284,0.1926338383830365,0.9208333333333332,0.7563325082508251,0.2649229055709322,1.0,0.5732971698113208,0.475,0.4024999999999999,https://data.sh.gov.cn/view/detail/index.html?type=cp&&id=O2813841502026178&&companyFlag=0
O9351158002025012,绿化工程安全生产标准化评价信息,城市建设,上海市绿化和市容管理局,数据接口,无条件开放,每月,0.2798006509357201,0.967606667365552,0.6878060164298319,0.3552783310619561,0.075477680126236,0.6791666666666666,0.4797235973597359,0.6112573495957282,1.0,0.8088836477987422,0.7849999999999999,0.8436105004858188,https://data.sh.gov.cn/view/detail/index.html?type=jk&&id=O9351158002025012&&companyFlag=0
O1928138402025009,闵行区江川路街道基层党建社区活动信息,文化休闲,上海市闵行区人民政府,数据接口,无条件开放,不定期更新,0.3001423921887713,0.9878393961631198,0.6876970039743484,0.4170248453716322,0.1168824531828609,0.5333333333333333,0.73003300330033,0.6458886095822265,1.0,0.5752987421383647,0.975,0.920900828051611,https://data.sh.gov.cn/view/detail/index.html?type=jk&&id=O1928138402025009&&companyFlag=0
O1928138382025966,长宁区人民政府重大行政决策事项目录,民生服务,上海市长宁区人民政府,数据产品,有条件开放,每年,0.0761575075724794,0.7624488940140476,0.6862913864415682,0.2019079568088898,0.1257504492364104,0.8374999999999999,0.7515470297029703,0.2612203662578439,1.0,0.4278773584905661,0.475,0.6530751181314588,https://data.sh.gov.cn/view/detail/index.html?type=cp&&id=O1928138382025966&&companyFlag=0
O1928138382025974,长宁区老年综合津贴发放情况,民生服务,上海市长宁区人民政府,数据产品,有条件开放,每年,0.0567935958459541,0.7405388405493238,0.6837452447033697,0.1505398888772408,0.0937462930312866,0.7958333333333333,0.6502268976897689,0.3632285569069184,1.0,0.4278773584905661,0.475,0.6751598659416539,https://data.sh.gov.cn/view/detail/index.html?type=cp&&id=O1928138382025974&&companyFlag=0
O2813839472025002,金山区第九届“明天的导师”工程-初中学段学科方面教师,教育科技,上海市金山区人民政府,数据产品,无条件开放,不定期更新,0.1251622674167027,0.8072124960687703,0.6820502286520675,0.2087220882692106,0.0835598208525079,0.6833333333333335,0.7960396039603961,0.3382925376460016,1.0,0.433317610062893,0.575,0.5599254361849098,https://data.sh.gov.cn/view/detail/index.html?type=cp&&id=O2813839472025002&&companyFlag=0
O1928138412025021,徐汇区漕河泾街道社区党建服务中心,民生服务,上海市徐汇区人民政府,数据产品,无条件开放,每年,0.2160320207702293,0.8959010378446378,0.6798690170744085,0.3150225390502149,0.0989905182799856,0.8791666666666665,0.8077145214521452,0.2504252206143297,1.0,0.4113679245283019,0.7749999999999999,0.6530751181314588,https://data.sh.gov.cn/view/detail/index.html?type=cp&&id=O1928138412025021&&companyFlag=0
O9351158002025015,绿化工程整改报告信息,城市建设,上海市绿化和市容管理局,数据接口,无条件开放,每月,0.2676973148901546,0.9472691057762868,0.6795717908861323,0.4027675857008072,0.1350702708106526,0.6375,0.3853135313531353,0.6467157434122248,1.0,0.8088836477987422,0.7849999999999999,0.8493469857002864,https://data.sh.gov.cn/view/detail/index.html?type=jk&&id=O9351158002025015&&companyFlag=0
O1928138382025460,嘉定区设施关系表,城市建设,上海市嘉定区人民政府,数据产品,有条件开放,每年,0.0276936391172652,0.7026942027466191,0.6750005636293538,0.1050424572806373,0.0773488181633721,0.7208333333333333,0.5981435643564357,0.2040593732758573,1.0,0.4377830188679246,0.7749999999999999,0.4717261344435873,https://data.sh.gov.cn/view/detail/index.html?type=cp&&id=O1928138382025460&&companyFlag=0
O1928138412025029,徐汇区天平街道社区党建服务中心,民生服务,上海市徐汇区人民政府,数据产品,无条件开放,每年,0.2160320207702293,0.8904497326763812,0.6744177119061519,0.3286508019708565,0.1126187812006272,0.8791666666666665,0.7938325082508251,0.2414209739419754,1.0,0.4113679245283019,0.7749999999999999,0.6530751181314588,https://data.sh.gov.cn/view/detail/index.html?type=cp&&id=O1928138412025029&&companyFlag=0
O1928138382025124,宝山区护士执业注册信息,卫生健康,上海市宝山区人民政府,数据产品,有条件开放,不定期更新,0.0567935958459541,0.7293217318377189,0.6725281359917648,0.1718209455917811,0.115027349745827,0.7541666666666665,0.6009282178217822,0.3466549773507978,1.0,0.3386635220125786,0.7749999999999999,0.4717261344435873,https://data.sh.gov.cn/view/detail/index.html?type=cp&&id=O1928138382025124&&companyFlag=0
O9351158002025010,绿化工程监督隐患问题信息,城市建设,上海市绿化和市容管理局,数据接口,无条件开放,每月,0.2903783563873067,0.9533494076947268,0.6629710513074201,0.3959534542404864,0.1055750978531797,0.6375,0.4130775577557756,0.6421743304318854,1.0,0.8088836477987422,0.7849999999999999,0.8493469857002864,https://data.sh.gov.cn/view/detail/index.html?type=jk&&id=O9351158002025010&&companyFlag=0
O9351158002025018,行政审批_上海市建设工程垃圾处置证(道路),城市建设,上海市绿化和市容管理局,数据接口,无条件开放,每月,0.3220097640358014,0.9816542614529824,0.6596444974171811,0.4106300450781004,0.088620281042299,0.6375,0.2325701320132013,0.8565736961627607,1.0,0.8352987421383649,0.985,0.8186503082775989,https://data.sh.gov.cn/view/detail/index.html?type=jk&&id=O9351158002025018&&companyFlag=0
O5485687442025011,医疗器械网络交易服务第三方平台备案信息表,卫生健康,上海市药品监督管理局,数据接口,有条件开放,每月,0.2433889340927583,0.8994653527623441,0.6560764186695858,0.3226753328441136,0.0792863987513553,0.7958333333333333,0.4384900990099009,0.5073300474421221,1.0,0.8352987421383649,0.485,0.7577155848280525,https://data.sh.gov.cn/view/detail/index.html?type=jk&&id=O5485687442025011&&companyFlag=0
O1928138412025028,徐汇区龙华街道社区党建服务中心,民生服务,上海市徐汇区人民政府,数据产品,无条件开放,每年,0.2362613587191692,0.8909214802390187,0.6546601215198495,0.3172764440717056,0.0810150853525364,0.8791666666666665,0.7938325082508251,0.2419689690764276,1.0,0.4113679245283019,0.7749999999999999,0.6530751181314588,https://data.sh.gov.cn/view/detail/index.html?type=cp&&id=O1928138412025028&&companyFlag=0
O5915184212025063,浦东新区穿堤建筑物,道路交通,上海市浦东新区人民政府,数据产品,有条件开放,每年,0.1078537429684119,0.7622392284306531,0.6543854854622411,0.2141733934374672,0.1063196504690553,0.7208333333333333,0.4699463696369637,0.2259681102134366,1.0,0.4003616352201258,0.975,0.5717261344435873,https://data.sh.gov.cn/view/detail/index.html?type=cp&&id=O5915184212025063&&companyFlag=0
14426,闵行区华漕镇会议信息,机构团体,上海市闵行区人民政府,数据接口,无条件开放,每天,0.3438771358828316,0.9960163539155048,0.6521392180326733,0.415662019079568,0.0717848831967364,0.4958333333333333,0.6189768976897689,0.508528330042099,1.0,0.9652987421383648,0.975,0.911255163367384,https://data.sh.gov.cn/view/detail/index.html?type=jk&&id=14426&&companyFlag=0
O1928138392025607,金山区候车亭表,道路交通,上海市金山区人民政府,数据接口,无条件开放,每天,0.1998576078112286,0.8504036062480343,0.6505459984368057,0.3676486004822308,0.1677909926710022,0.7208333333333333,0.5149546204620462,0.350709462740798,1.0,0.9652987421383648,0.275,0.7112551633673841,https://data.sh.gov.cn/view/detail/index.html?type=jk&&id=O1928138392025607&&companyFlag=0
O1928138392025499,普陀区职业培训机构信息,社保就业,上海市普陀区人民政府,数据产品,无条件开放,每年,0.1916919082648204,0.8383478352028515,0.6466559269380311,0.2695251074536114,0.077833199188791,0.8416666666666667,0.7036509900990099,0.2717380042657167,1.0,0.3821179245283019,0.675,0.7530751181314588,https://data.sh.gov.cn/view/detail/index.html?type=cp&&id=O1928138392025499&&companyFlag=0
O5915184132025165,上海市2025年农村人居环境优化提升行动任务清单,民生服务,上海市大数据中心,数据产品,无条件开放,静态数据,0.1870402423193422,0.8296467134919803,0.642606471172638,0.2772827340392074,0.0902424917198652,0.7541666666666665,0.7779290429042904,0.3086708863824319,1.0,0.2462971698113207,0.7849999999999999,0.665717297572786,https://data.sh.gov.cn/view/detail/index.html?type=cp&&id=O5915184132025165&&companyFlag=0
O1928138392025469,奉贤区民生保障_卫生资源_医疗机构,城市建设,上海市奉贤区人民政府,数据接口,有条件开放,每月,0.1834825061025223,0.826082398574274,0.6425998924717516,0.2489778802809518,0.0654953741784295,0.8458333333333333,0.88125,0.5719495590017335,0.42,0.8352987421383649,0.675,0.7335263653076793,https://data.sh.gov.cn/view/detail/index.html?type=jk&&id=O1928138392025469&&companyFlag=0
O1928138402025012,闵行区新虹街道政务上会处理信息,机构团体,上海市闵行区人民政府,数据接口,无条件开放,不定期更新,0.3220097640358014,0.9632036901142678,0.6411939260784663,0.4119928713701646,0.0899831073343632,0.5375000000000001,0.7029909240924092,0.7090392445972094,1.0,0.5752987421383647,0.7749999999999999,0.8194555449888871,https://data.sh.gov.cn/view/detail/index.html?type=jk&&id=O1928138402025012&&companyFlag=0
14354,徐汇区小区边界信息表,民生服务,上海市徐汇区人民政府,数据产品,有条件开放,每年,0.1793595845954132,0.8198972638641367,0.6405376792687235,0.3455288814341126,0.1661692968386993,0.7541666666666665,0.2434818481848184,0.4486372069521249,1.0,0.6215880503144655,0.7749999999999999,0.7542818533299858,https://data.sh.gov.cn/view/detail/index.html?type=cp&&id=14354&&companyFlag=0
O1928138412025027,徐汇区凌云街道社区党建服务中心,民生服务,上海市徐汇区人民政府,数据产品,无条件开放,每年,0.2537862397230636,0.8925988049061746,0.6388125651831109,0.3224656672607192,0.0686794275376556,0.8791666666666665,0.7938325082508251,0.2500224937960477,1.0,0.4113679245283019,0.7749999999999999,0.6530751181314588,https://data.sh.gov.cn/view/detail/index.html?type=cp&&id=O1928138412025027&&companyFlag=0
O1928138382025120,宝山区医师执业注册信息,卫生健康,上海市宝山区人民政府,数据产品,有条件开放,不定期更新,0.0704240588489831,0.7084600062899675,0.6380359474409845,0.139008281790544,0.0685842229415609,0.7541666666666665,0.6009282178217822,0.3146897642001079,1.0,0.3386635220125786,0.7749999999999999,0.4717261344435873,https://data.sh.gov.cn/view/detail/index.html?type=cp&&id=O1928138382025120&&companyFlag=0
14424,闵行区吴泾镇集体资产资源经营台账,资源环境,上海市闵行区人民政府,数据接口,无条件开放,每天,0.3623881204231082,0.9998951672083028,0.6375070467851945,0.4264597966243841,0.0640716762012759,0.8458333333333333,0.7703382838283828,0.5676592217001014,1.0,0.9652987421383648,0.975,0.911255163367384,https://data.sh.gov.cn/view/detail/index.html?type=jk&&id=14424&&companyFlag=0
O9351158002025062,装修垃圾车辆预警明细表,资源环境,上海市绿化和市容管理局,数据接口,有条件开放,每天,0.1642595606183889,0.796729216899046,0.6324696562806571,0.2692106090785197,0.1049510484601308,0.7208333333333333,0.6605816831683169,0.6771397312346512,0.42,0.9652987421383648,0.7849999999999999,0.5691226335199949,https://data.sh.gov.cn/view/detail/index.html?type=jk&&id=O9351158002025062&&companyFlag=0
O1928138402025147,静安区彭浦新村街道安全生产感应器状态监管,城市建设,上海市静安区人民政府,数据产品,无条件开放,每年,0.2537862397230636,0.8837404340077576,0.629954194284694,0.368592095607506,0.1148058558844424,0.8041666666666666,0.8736386138613861,0.5388400871040155,0.8300000000000001,0.4080660377358491,0.675,0.7417607272592408,https://data.sh.gov.cn/view/detail/index.html?type=cp&&id=O1928138402025147&&companyFlag=0
14425,闵行区华漕镇文化活动信息,文化休闲,上海市闵行区人民政府,数据接口,无条件开放,每天,0.3623881204231082,0.9916133766642206,0.6292252562411124,0.4420798825872733,0.0796917621641651,0.5333333333333333,0.6467409240924092,0.6104680867940935,1.0,0.9652987421383648,0.7749999999999999,0.8179524354786482,https://data.sh.gov.cn/view/detail/index.html?type=jk&&id=14425&&companyFlag=0
14422,闵行区华漕镇微信扩展信息,民生服务,上海市闵行区人民政府,数据接口,无条件开放,每天,0.3703213995117982,0.9993710032498164,0.6290496037380183,0.4585386308837404,0.0882172313719422,0.7958333333333333,0.6432755775577559,0.6456996994348295,1.0,0.9652987421383648,0.975,0.9297079017470388,https://data.sh.gov.cn/view/detail/index.html?type=jk&&id=14422&&companyFlag=0
O1928138402025024,闵行区莘庄工业区综合办公文件传阅任务信息,机构团体,上海市闵行区人民政府,数据接口,无条件开放,不定期更新,0.2903783563873067,0.9169724289757836,0.6265940725884769,0.3679630988573226,0.0775847424700159,0.4958333333333333,0.740470297029703,0.37545153426627,1.0,0.5752987421383647,0.7749999999999999,0.7895352021784807,https://data.sh.gov.cn/view/detail/index.html?type=jk&&id=O1928138402025024&&companyFlag=0
O2813839472025083,金山区2024年度部门国有资产管理情况-资产负债情况表,经济建设,上海市金山区人民政府,数据产品,无条件开放,不定期更新,0.1251622674167027,0.7502882901771675,0.6251260227604647,0.1987629730579725,0.0736007056412698,0.6833333333333335,0.802970297029703,0.2614448022519827,1.0,0.3909764150943396,0.575,0.5599254361849098,https://data.sh.gov.cn/view/detail/index.html?type=cp&&id=O2813839472025083&&companyFlag=0
14441,闵行区华漕镇市民积分兑换详情,民生服务,上海市闵行区人民政府,数据接口,无条件开放,每天,0.3106183889340927,0.9285040360624804,0.6178856471283876,0.4470070237970437,0.136388634862951,0.8374999999999999,0.696039603960396,0.736655982548633,0.42,0.9652987421383648,0.975,0.773634595396312,https://data.sh.gov.cn/view/detail/index.html?type=jk&&id=14441&&companyFlag=0
O9351158002025071,装修垃圾清运企业运输协议,资源环境,上海市绿化和市容管理局,数据接口,有条件开放,每月,0.1834825061025223,0.8002935318167523,0.61681102571423,0.2840968654995282,0.1006143593970059,0.7625,0.69253300330033,0.5153909940113539,0.42,0.8088836477987422,0.985,0.6945126080079802,https://data.sh.gov.cn/view/detail/index.html?type=jk&&id=O9351158002025071&&companyFlag=0
14423,闵行区华漕镇上报案件信息,公共安全,上海市闵行区人民政府,数据接口,有条件开放,每天,0.2798006509357201,0.8940140475940874,0.6142133966583674,0.3814865289862669,0.1016858780505468,0.8,0.6648102310231023,0.5859620184166917,0.42,0.9652987421383648,0.975,0.7868375722163842,https://data.sh.gov.cn/view/detail/index.html?type=jk&&id=14423&&companyFlag=0
O2813839472026005,金山区宗教活动场所信息表,城市建设,上海市金山区人民政府,数据产品,无条件开放,不定期更新,0.1529640848117698,0.7667470384736346,0.6137829536618647,0.2557920117412727,0.1028279269295029,0.7208333333333333,0.5982260726072608,0.213727538193962,1.0,0.4236650943396226,0.7749999999999999,0.6446910064281653,https://data.sh.gov.cn/view/detail/index.html?type=cp&&id=O2813839472026005&&companyFlag=0
O9351158002025059,装修垃圾场站进出场记录,资源环境,上海市绿化和市容管理局,数据接口,有条件开放,每天,0.2433889340927583,0.8569032393332634,0.6135143052405051,0.3391340811405808,0.0957451470478225,0.7208333333333333,0.6952351485148516,0.7759226802286467,0.42,0.9652987421383648,0.7849999999999999,0.6038084077259392,https://data.sh.gov.cn/view/detail/index.html?type=jk&&id=O9351158002025059&&companyFlag=0
O2813839472025088,金山区2024年度部门决算表-一般公共预算财政拨款支出决算表,经济建设,上海市金山区人民政府,数据产品,无条件开放,不定期更新,0.1379273041973172,0.7513366180941399,0.6134093138968226,0.2053674389348988,0.0674401347375816,0.6833333333333335,0.8133663366336634,0.2542008199474477,1.0,0.3909764150943396,0.575,0.5530751181314588,https://data.sh.gov.cn/view/detail/index.html?type=cp&&id=O2813839472025088&&companyFlag=0
O1928138392025675,普陀区牙病防治机构,卫生健康,上海市普陀区人民政府,数据产品,无条件开放,每年,0.2077022933794894,0.8169095293007653,0.6092072359212759,0.2974630464409267,0.0897607530614373,0.8374999999999999,0.5919760726072607,0.2743058042923609,1.0,0.4388836477987421,0.675,0.7707344361146202,https://data.sh.gov.cn/view/detail/index.html?type=cp&&id=O1928138392025675&&companyFlag=0
O1928138412025025,徐汇区华泾镇社区党建服务中心,民生服务,上海市徐汇区人民政府,数据产品,无条件开放,每年,0.2613587191691908,0.8704266694622078,0.609067950293017,0.3397630778907642,0.0784043587215734,0.8374999999999999,0.754950495049505,0.2314724864282086,1.0,0.4113679245283019,0.7749999999999999,0.6530751181314588,https://data.sh.gov.cn/view/detail/index.html?type=cp&&id=O1928138412025025&&companyFlag=0
O1928138402025033,闵行区莘庄镇楼宇信息,经济建设,上海市闵行区人民政府,数据接口,无条件开放,不定期更新,0.3764239218877135,0.985323409162386,0.6088994872746725,0.4701750707621344,0.0937511488744208,0.6833333333333335,0.6189768976897689,0.6599593537806335,1.0,0.5752987421383647,0.975,0.9318866411398864,https://data.sh.gov.cn/view/detail/index.html?type=jk&&id=O1928138402025033&&companyFlag=0
O5915184132025037,上海市第二批兽用抗菌药使用减量化达标养殖场名单,民生服务,上海市大数据中心,数据产品,无条件开放,静态数据,0.2049978364344439,0.8129782996121186,0.6079804631776746,0.2741377502882902,0.0691399138538463,0.7958333333333333,0.7821163366336634,0.2496933129925645,1.0,0.2423349056603773,0.7849999999999999,0.6530751181314588,https://data.sh.gov.cn/view/detail/index.html?type=cp&&id=O5915184132025037&&companyFlag=0
O9351158002025049,行政审批_临时性户外广告设置审批文书,城市建设,上海市绿化和市容管理局,数据接口,无条件开放,每月,0.3106183889340927,0.916238599433903,0.6056202104998102,0.375930391026313,0.0653120020922203,0.6375,0.2047854785478547,0.6184395003870296,1.0,0.8352987421383649,0.7849999999999999,0.8194555449888871,https://data.sh.gov.cn/view/detail/index.html?type=jk&&id=O9351158002025049&&companyFlag=0
O1928138392025586,金山区线路表,道路交通,上海市金山区人民政府,数据接口,无条件开放,每天,0.3623881204231082,0.9679211657406436,0.6055330453175355,0.4457490302966768,0.0833609098735685,0.7625,0.526072607260726,0.3763571129919014,1.0,0.9652987421383648,0.675,0.917952435478648,https://data.sh.gov.cn/view/detail/index.html?type=jk&&id=O1928138392025586&&companyFlag=0
O5915184142025041,上海市医疗机构应用传统工艺配制中药制剂备案信息,卫生健康,上海市大数据中心,数据产品,无条件开放,不定期更新,0.225118996105582,0.8304853758255583,0.6053663797199762,0.3180626900094349,0.0929436939038529,0.8374999999999999,0.8937499999999999,0.3681896405318917,1.0,0.3018254716981132,0.485,0.6791185478179137,https://data.sh.gov.cn/view/detail/index.html?type=cp&&id=O5915184142025041&&companyFlag=0
14443,闵行区华漕镇服务公司员工上报信息,机构团体,上海市闵行区人民政府,数据接口,有条件开放,每天,0.3001423921887713,0.9038683300136284,0.603725937824857,0.3713177481916343,0.071175356002863,0.5791666666666667,0.7730610561056105,0.6353267044760298,0.42,0.9652987421383648,0.975,0.78081306162168,https://data.sh.gov.cn/view/detail/index.html?type=jk&&id=14443&&companyFlag=0
O1928138392025665,普陀区接种门诊信息,卫生健康,上海市普陀区人民政府,数据产品,无条件开放,每年,0.2160320207702293,0.8193730999056504,0.6033410791354211,0.2811615473320054,0.0651295265617761,0.8791666666666665,0.6446988448844885,0.2573268212167168,1.0,0.3930141509433962,0.675,0.7530751181314588,https://data.sh.gov.cn/view/detail/index.html?type=cp&&id=O1928138392025665&&companyFlag=0
O1928138402025114,闵行区新虹街道政务工作提醒信息,民生服务,上海市闵行区人民政府,数据接口,无条件开放,不定期更新,0.3001423921887713,0.9014571758045916,0.6013147836158204,0.4167103469965405,0.1165679548077692,0.7958333333333333,0.6918523102310231,0.4529850069484485,1.0,0.5752987421383647,0.575,0.7179524354786482,https://data.sh.gov.cn/view/detail/index.html?type=jk&&id=O1928138402025114&&companyFlag=0
O1928138402025030,闵行区文化活动社团信息,文化休闲,上海市闵行区人民政府,数据接口,无条件开放,不定期更新,0.3703213995117982,0.969808155991194,0.5994867564793959,0.4802390187650697,0.1099176192532714,0.4916666666666666,0.569740099009901,0.6856715980600342,1.0,0.5752987421383647,0.975,0.8856460586770026,https://data.sh.gov.cn/view/detail/index.html?type=jk&&id=O1928138402025030&&companyFlag=0
O6344680882025003,消防技术服务机构监督检查信息公开基本信息,公共安全,上海市消防救援总队,数据产品,无条件开放,不定期更新,0.2953266983989615,0.8934898836356012,0.5981631852366398,0.4532969912988783,0.1579702928999168,0.7166666666666667,0.7120049504950495,0.2338389959748649,1.0,0.3452672955974842,0.985,0.7599254361849097,https://data.sh.gov.cn/view/detail/index.html?type=cp&&id=O6344680882025003&&companyFlag=0
O2813839472025014,金山区第九届“明天的导师”工程-小学科方面教师,教育科技,上海市金山区人民政府,数据产品,无条件开放,不定期更新,0.1589138900908697,0.7563685920956075,0.5974547020047377,0.2504455393647133,0.0915316492738436,0.6833333333333335,0.7682549504950495,0.3580403537477563,1.0,0.3592783018867924,0.575,0.5599254361849098,https://data.sh.gov.cn/view/detail/index.html?type=cp&&id=O2813839472025014&&companyFlag=0
O1928138402025115,闵行区新虹街道政务工作安排信息,民生服务,上海市闵行区人民政府,数据接口,无条件开放,不定期更新,0.3533360455655004,0.9493657616102316,0.5960297160447312,0.4798196875982807,0.1264836420327803,0.8374999999999999,0.7549711221122112,0.6102491937374925,0.91,0.5752987421383647,0.7749999999999999,0.7530994580018661,https://data.sh.gov.cn/view/detail/index.html?type=jk&&id=O1928138402025115&&companyFlag=0
1113,可视化监管平台-建设项目审批基本信息表,资源环境,上海市生态环境局,数据产品,有条件开放,每月,0.3489831241886629,0.943914456441975,0.5949313322533121,0.7070971799979033,0.3581140558092404,0.7208333333333333,0.6053011551155116,0.7330242731657611,0.8300000000000001,0.6030660377358491,0.985,0.7532042006265679,https://data.sh.gov.cn/view/detail/index.html?type=cp&&id=1113&&companyFlag=0
O2813839472026002,金山区管（灯杆、控制箱）明细,城市建设,上海市金山区人民政府,数据产品,无条件开放,不定期更新,0.1339247079186499,0.7274347415871685,0.5935100336685185,0.2413250864870531,0.1074003785684032,0.6791666666666666,0.6079207920792079,0.3692558820960085,1.0,0.472940251572327,0.575,0.565717297572786,https://data.sh.gov.cn/view/detail/index.html?type=cp&&id=O2813839472026002&&companyFlag=0
O1928138382025955,青浦区医保费用预算信息,卫生健康,上海市青浦区人民政府,数据接口,无条件开放,每天,0.4029698942229455,0.9964356850822936,0.5934657908593483,0.5199706468183247,0.1170007525953792,0.8791666666666665,0.7590965346534654,0.4559110660132882,1.0,0.9652987421383648,0.7749999999999999,0.7339226916544282,https://data.sh.gov.cn/view/detail/index.html?type=jk&&id=O1928138382025955&&companyFlag=0
O5485687442025017,药品监管法律法规信息,卫生健康,上海市药品监督管理局,数据接口,无条件开放,每月,0.3335028478437754,0.9251493867281686,0.5916465388843932,0.4743683824300241,0.1408655345862487,0.7541666666666665,0.5489273927392739,0.5443888733176987,1.0,0.8352987421383649,0.485,0.7516910742333481,https://data.sh.gov.cn/view/detail/index.html?type=jk&&id=O5485687442025017&&companyFlag=0
O1928138412025074,徐汇区药品安全监督抽检信息公示(2025年8月),卫生健康,上海市徐汇区人民政府,数据产品,无条件开放,不定期更新,0.286131544785807,0.8766118041723451,0.5904802593865381,0.3601006394800293,0.0739690946942223,0.8791666666666665,0.9291666666666666,0.3996871555134121,1.0,0.3419654088050314,0.475,0.6889762886636283,https://data.sh.gov.cn/view/detail/index.html?type=cp&&id=O1928138412025074&&companyFlag=0
O1928138402025148,静安区彭浦新村街道居民区社区微网格服务上报处理,城市建设,上海市静安区人民政府,数据产品,无条件开放,每年,0.2613587191691908,0.8517664325400985,0.5904077133709077,0.3634552888143411,0.1020965696451503,0.7208333333333333,0.823700495049505,0.5319032583645921,0.8300000000000001,0.4080660377358491,0.675,0.7417607272592408,https://data.sh.gov.cn/view/detail/index.html?type=cp&&id=O1928138402025148&&companyFlag=0
O1928138382025503,长宁区司法所撒点信息,机构团体,上海市长宁区人民政府,数据接口,无条件开放,每月,0.3220097640358014,0.9121501205577104,0.590140356521909,0.4931334521438306,0.1711236881080292,0.4541666666666667,0.5316006600660066,0.3205408638618197,1.0,0.8352987421383649,0.7749999999999999,0.7781776855456879,https://data.sh.gov.cn/view/detail/index.html?type=jk&&id=O1928138382025503&&companyFlag=0
O1928138392025674,普陀区眼病防治机构,卫生健康,上海市普陀区人民政府,数据产品,无条件开放,每年,0.2289052358286456,0.8169095293007653,0.5880042934721197,0.2974630464409267,0.0685578106122811,0.8374999999999999,0.5919760726072607,0.2743058042923609,1.0,0.4388836477987421,0.675,0.7707344361146202,https://data.sh.gov.cn/view/detail/index.html?type=cp&&id=O1928138392025674&&companyFlag=0
O5915184132025025,2024年度上海市美丽乡村示范村名单,民生服务,上海市大数据中心,数据产品,无条件开放,静态数据,0.1529640848117698,0.7387566830904707,0.5857925982787009,0.2780165635810881,0.1250524787693183,0.7958333333333333,0.6988448844884488,0.2095270256728261,1.0,0.2423349056603773,0.7849999999999999,0.6446910064281653,https://data.sh.gov.cn/view/detail/index.html?type=cp&&id=O5915184132025025&&companyFlag=0
O1928138382025932,青浦区朱家角镇社区事务受理服务中心信息表,民生服务,上海市青浦区人民政府,数据接口,有条件开放,每天,0.3106183889340927,0.8954817066778489,0.5848633177437561,0.4559178110913093,0.1452994221572166,0.8791666666666665,0.8701732673267326,0.3628064339108103,0.42,0.9652987421383648,0.975,0.6664377253848532,https://data.sh.gov.cn/view/detail/index.html?type=jk&&id=O1928138382025932&&companyFlag=0
O5915184142025217,长护险护理机构信息,卫生健康,上海市大数据中心,数据产品,无条件开放,不定期更新,0.2971657291215924,0.8816437781738128,0.5844780490522203,0.4435475416710347,0.1463818125494423,0.8791666666666665,0.6689562706270626,0.4601048201837162,1.0,0.3463679245283019,0.685,0.7791185478179137,https://data.sh.gov.cn/view/detail/index.html?type=cp&&id=O5915184142025217&&companyFlag=0
13862,闵行区道路公厕小压缩站信息,城市建设,上海市闵行区人民政府,数据接口,无条件开放,每天,0.4192432872253865,0.9987420064996332,0.5794987192742466,0.6311982388090995,0.211954951583713,0.8041666666666666,0.7002268976897689,0.4129594394267181,1.0,0.9652987421383648,0.975,0.9007503977060424,https://data.sh.gov.cn/view/detail/index.html?type=jk&&id=13862&&companyFlag=0
O1928138412025001,上海市邮政公司徐汇区分公司邮政网点情况表,民生服务,上海市徐汇区人民政府,数据产品,无条件开放,每年,0.3264820424058849,0.9053359890973895,0.5788539466915048,0.4237341440402558,0.0972521016343708,0.8374999999999999,0.7931930693069307,0.1729984915562171,1.0,0.4113679245283019,0.975,0.5717261344435873,https://data.sh.gov.cn/view/detail/index.html?type=cp&&id=O1928138412025001&&companyFlag=0
O1928138382025730,长宁区青年中心,民生服务,上海市长宁区人民政府,数据接口,无条件开放,每年,0.3764239218877135,0.954292902820002,0.5778689809322886,0.5048747248139218,0.1284508029262083,0.7958333333333333,0.5184199669966997,0.3878228235661464,1.0,0.6402987421383648,0.975,0.8926680765959939,https://data.sh.gov.cn/view/detail/index.html?type=jk&&id=O1928138382025730&&companyFlag=0
O5485687442025012,定制式医疗器械备案信息表,卫生健康,上海市药品监督管理局,数据接口,有条件开放,每月,0.2555939788445891,0.8326868644512003,0.5770928856066112,0.365132613481497,0.1095386346369078,0.7958333333333333,0.3343646864686468,0.3982587253597675,1.0,0.8352987421383649,0.485,0.7445126080079801,https://data.sh.gov.cn/view/detail/index.html?type=jk&&id=O5485687442025012&&companyFlag=0
O1928138402025013,闵行区新虹街道值班信息,机构团体,上海市闵行区人民政府,数据接口,无条件开放,不定期更新,0.3533360455655004,0.9297620295628471,0.5764259839973469,0.4200649963308523,0.0667289507653519,0.5375000000000001,0.6474628712871286,0.5596027815646478,1.0,0.5752987421383647,0.7749999999999999,0.7955597127731849,https://data.sh.gov.cn/view/detail/index.html?type=jk&&id=O1928138402025013&&companyFlag=0
O1928138382025887,青浦区年老退休时一次性计划生育奖励费,民生服务,上海市青浦区人民政府,数据接口,有条件开放,每天,0.2555939788445891,0.8311143725757417,0.5755203937311526,0.4614739490512632,0.2058799702066741,0.8374999999999999,0.8278052805280527,0.4336917854003215,0.42,0.9652987421383648,0.7749999999999999,0.6573981668762109,https://data.sh.gov.cn/view/detail/index.html?type=jk&&id=O1928138382025887&&companyFlag=0
O1928138402025034,闵行区莘庄镇楼宇楼层信息,经济建设,上海市闵行区人民政府,数据接口,无条件开放,不定期更新,0.3909682668836452,0.9657196771150016,0.5747514102313565,0.4606352867176853,0.06966701983404,0.6833333333333335,0.6432755775577559,0.706040242314919,1.0,0.5752987421383647,0.7749999999999999,0.8285692471281633,https://data.sh.gov.cn/view/detail/index.html?type=jk&&id=O1928138402025034&&companyFlag=0
O1928138412025003,徐汇区临床检验中心,民生服务,上海市徐汇区人民政府,数据产品,无条件开放,每年,0.2925140631761142,0.8663381905860154,0.5738241274099012,0.4558129782996121,0.1632989151234978,0.8374999999999999,0.6578176567656766,0.1900341928820934,1.0,0.6215880503144655,0.7749999999999999,0.4717261344435873,https://data.sh.gov.cn/view/detail/index.html?type=cp&&id=O1928138412025003&&companyFlag=0
O5915184142025159,特种设备使用登记信息_许可信息,城市建设,上海市大数据中心,数据接口,有条件开放,每天,0.2157241659886086,0.7837299507285879,0.5680057847399792,0.3754062270678268,0.1596820610792182,0.6791666666666666,0.6148721122112212,0.7698767886331437,0.42,0.9652987421383648,0.685,0.6856308370178573,https://data.sh.gov.cn/view/detail/index.html?type=jk&&id=O5915184142025159&&companyFlag=0
O1928138402025010,闵行区新虹街道政务货品维护信息,社会发展,上海市闵行区人民政府,数据接口,无条件开放,不定期更新,0.3220097640358014,0.8867805849669776,0.5647708209311761,0.3908166474473215,0.0688068834115201,0.6458333333333334,0.6710602310231023,0.5057347984848896,1.0,0.5752987421383647,0.575,0.6982446209083266,https://data.sh.gov.cn/view/detail/index.html?type=jk&&id=O1928138402025010&&companyFlag=0
O5915184142025037,进口服装监督抽查情况公示名单,经济建设,上海市大数据中心,数据产品,无条件开放,不定期更新,0.1529640848117698,0.7164272984589579,0.5634632136471881,0.2676381172030611,0.1146740323912913,0.7250000000000001,0.7826732673267326,0.3027845817663542,1.0,0.3342610062893081,0.485,0.6751598659416539,https://data.sh.gov.cn/view/detail/index.html?type=cp&&id=O5915184142025037&&companyFlag=0
O1928138382025886,青浦区农村部分计划生育家庭奖励扶助金,卫生健康,上海市青浦区人民政府,数据接口,有条件开放,每天,0.3001423921887713,0.8621448789181256,0.5620024867293543,0.4761505398888772,0.1760081477001059,0.8374999999999999,0.8416666666666666,0.4977174722064497,0.42,0.9652987421383648,0.7749999999999999,0.673634595396312,https://data.sh.gov.cn/view/detail/index.html?type=jk&&id=O1928138382025886&&companyFlag=0
O9780654702025013,上海市知识产权信息公共服务网点,经济建设,上海市知识产权局,数据接口,无条件开放,每年,0.3001423921887713,0.8616207149596393,0.561478322770868,0.3865185029877345,0.0863761107989632,0.6833333333333335,0.6260107260726073,0.3564830720063814,1.0,0.4003616352201258,0.7849999999999999,0.803099458001866,https://data.sh.gov.cn/view/detail/index.html?type=jk&&id=O9780654702025013&&companyFlag=0
O5915184142025114,上海软件和信息技术服务业百强、上海软件和信息技术服务业高成长百家公示名单,经济建设,上海市大数据中心,数据产品,无条件开放,每年,0.2000216356555603,0.7568927560540937,0.5568711203985333,0.2740329174965929,0.0740112818410326,0.6416666666666667,0.7987623762376238,0.2095222623582536,1.0,0.4036635220125786,0.685,0.4926041470552555,https://data.sh.gov.cn/view/detail/index.html?type=cp&&id=O5915184142025114&&companyFlag=0
O2813839472025018,金山区第九届“明天的导师”工程-学科骨干教师,教育科技,上海市金山区人民政府,数据产品,无条件开放,不定期更新,0.1807659022068368,0.7363455288814341,0.5555796266745973,0.2550581821993919,0.0742922799925551,0.6833333333333335,0.7405115511551156,0.3583582695491942,1.0,0.3592783018867924,0.575,0.5599254361849098,https://data.sh.gov.cn/view/detail/index.html?type=cp&&id=O2813839472025018&&companyFlag=0
O8062667812025026,本市典当行基本信息,经济建设,中共上海市委金融委员会办公室,数据接口,无条件开放,每季度,0.3858828315703824,0.941293636649544,0.5554108050791615,0.4576999685501625,0.0718171369797801,0.7666666666666667,0.6897483498349835,0.5117551789865897,1.0,0.5292610062893082,0.7849999999999999,0.8368375722163842,https://data.sh.gov.cn/view/detail/index.html?type=jk&&id=O8062667812025026&&companyFlag=0
O5915184212025098,浦东新区企业注册地经营地统计-按区域,经济建设,上海市浦东新区人民政府,数据产品,无条件开放,每年,0.3173950670705322,0.871370164587483,0.5539750975169507,0.3870426669462208,0.0696475998756885,0.7250000000000001,0.6683993399339934,0.4071620329151933,1.0,0.4003616352201258,0.7749999999999999,0.6826996111703351,https://data.sh.gov.cn/view/detail/index.html?type=cp&&id=O5915184212025098&&companyFlag=0
O1928138402025028,闵行区文化活动信息,文化休闲,上海市闵行区人民政府,数据接口,无条件开放,不定期更新,0.4192432872253865,0.9721144774085334,0.5528711901831469,0.4908271307264912,0.0715838435011047,0.5333333333333333,0.5739067656765677,0.9025061201307722,0.91,0.5752987421383647,0.975,0.8,https://data.sh.gov.cn/view/detail/index.html?type=jk&&id=O1928138402025028&&companyFlag=0
O8062667812025025,典当行审批信息,经济建设,中共上海市委金融委员会办公室,数据接口,无条件开放,每季度,0.3703213995117982,0.9226333997274349,0.5523120002156365,0.4686025788866757,0.0982811793748775,0.6833333333333335,0.632776402640264,0.4497694283205047,1.0,0.5292610062893082,0.7849999999999999,0.8403764427211863,https://data.sh.gov.cn/view/detail/index.html?type=jk&&id=O8062667812025025&&companyFlag=0
O1928138402025108,闵行区新虹街道城运案件信息,民生服务,上海市闵行区人民政府,数据接口,无条件开放,不定期更新,0.3858828315703824,0.937414823356746,0.5515319917863635,0.4506761715064472,0.0647933399360648,0.8374999999999999,0.6717615511551154,0.4395723359719711,1.0,0.5752987421383647,0.7749999999999999,0.7982446209083266,https://data.sh.gov.cn/view/detail/index.html?type=jk&&id=O1928138402025108&&companyFlag=0
O9780654702025011,高价值专利培育中心项目名单,经济建设,上海市知识产权局,数据接口,无条件开放,每年,0.3106183889340927,0.8587902295838138,0.548171840649721,0.4113638746199811,0.1007454856858884,0.6833333333333335,0.605177392739274,0.3742127400155856,1.0,0.4003616352201258,0.7849999999999999,0.803099458001866,https://data.sh.gov.cn/view/detail/index.html?type=jk&&id=O9780654702025011&&companyFlag=0
13004,闵行区市民聊吧评论信息,民生服务,上海市闵行区人民政府,数据产品,无条件开放,静态数据,0.1621592384249242,0.7088793374567565,0.5467200990318322,0.4355802495020442,0.27342101107712,0.7541666666666665,0.5766707920792079,0.349243928660352,1.0,0.3363993710691824,0.7749999999999999,0.4717261344435873,https://data.sh.gov.cn/view/detail/index.html?type=cp&&id=13004&&companyFlag=0
O5915184142025175,保健食品、特殊医学用途配方食品广告审查信息,经济建设,上海市大数据中心,数据接口,有条件开放,每天,0.3001423921887713,0.8466296257469337,0.5464872335581623,0.3779222140685606,0.0777798218797893,0.6416666666666667,0.6427186468646865,0.8951271512659824,0.42,0.9652987421383648,0.685,0.7174661280921883,https://data.sh.gov.cn/view/detail/index.html?type=jk&&id=O5915184142025175&&companyFlag=0
O1928138422025221,松江门户_开放数据_消毒服务机构备案信息,卫生健康,上海市松江区人民政府,数据产品,无条件开放,每年,0.2971657291215924,0.8413879861620714,0.5442222570404791,0.3641891183562218,0.0670233892346294,0.7958333333333333,0.6330445544554456,0.3478876040247122,1.0,0.4113679245283019,0.675,0.7707344361146202,https://data.sh.gov.cn/view/detail/index.html?type=cp&&id=O1928138422025221&&companyFlag=0
O5485687412025027,数据上链_电磁辐射检查数据,资源环境,上海市生态环境局,数据接口,有条件开放,每天,0.1834825061025223,0.7260719152951043,0.5425894091925819,0.3564314917706258,0.1729489856681035,0.7208333333333333,0.5358704620462046,0.7258048218619916,0.42,0.9652987421383648,0.685,0.7058127616878653,https://data.sh.gov.cn/view/detail/index.html?type=jk&&id=O5485687412025027&&companyFlag=0
O5364112272025003,上海市总工会户外爱心接力站信息,民生服务,上海市总工会,数据接口,无条件开放,每天,0.4542310821806347,0.9966453506656884,0.5424142684850536,0.5527833106195618,0.098552228438927,0.7541666666666665,0.6703176567656766,0.5743868124480389,1.0,0.9652987421383648,0.7849999999999999,0.832930395114271,https://data.sh.gov.cn/view/detail/index.html?type=jk&&id=O5364112272025003&&companyFlag=0
O1928138392025522,普陀区保安培训学校信息,机构团体,上海市普陀区人民政府,数据产品,无条件开放,每年,0.1916919082648204,0.7285879022958381,0.5368959940310177,0.2774923996226019,0.0858004913577815,0.4958333333333333,0.5843440594059406,0.3112162303497608,1.0,0.4289779874213837,0.675,0.7791185478179137,https://data.sh.gov.cn/view/detail/index.html?type=cp&&id=O1928138392025522&&companyFlag=0
O1928138392025609,普陀区社区老年助餐服务场所门店表,民生服务,上海市普陀区人民政府,数据产品,无条件开放,每年,0.1807659022068368,0.7170562952091414,0.5362903930023045,0.2483488835307684,0.0675829813239316,0.7958333333333333,0.6884075907590759,0.3277658839259816,1.0,0.3920235849056604,0.475,0.665717297572786,https://data.sh.gov.cn/view/detail/index.html?type=cp&&id=O1928138392025609&&companyFlag=0
14052,闵行区行政处罚行为信息,民生服务,上海市闵行区人民政府,数据接口,有条件开放,每天,0.3858828315703824,0.9213754062270678,0.5354925746566854,0.4780375301394276,0.0921546985690452,0.8374999999999999,0.6405321782178217,0.7553094321663959,0.42,0.9652987421383648,0.975,0.7679524354786481,https://data.sh.gov.cn/view/detail/index.html?type=jk&&id=14052&&companyFlag=0
O2813839372025006,普陀区公共卫生科普平台线上展厅答题_问题表,卫生健康,上海市普陀区人民政府,数据产品,无条件开放,每年,0.2109476417135439,0.7459901457175805,0.5350425040040365,0.2861935213334731,0.0752458796199291,0.7958333333333333,0.7474216171617162,0.2735285448525847,1.0,0.4118349056603774,0.475,0.665717297572786,https://data.sh.gov.cn/view/detail/index.html?type=cp&&id=O2813839372025006&&companyFlag=0
O8062667812025023,小额贷款公司审批信息,经济建设,中共上海市委金融委员会办公室,数据接口,无条件开放,每季度,0.3954434499593165,0.92965719677115,0.5342137468118335,0.4702799035538316,0.0748364535945151,0.7250000000000001,0.6716996699669966,0.4363474742870237,1.0,0.5292610062893082,0.7849999999999999,0.8368375722163842,https://data.sh.gov.cn/view/detail/index.html?type=jk&&id=O8062667812025023&&companyFlag=0
O8062667812025020,非正常经营类商业保理公司名单,经济建设,中共上海市委金融委员会办公室,数据接口,无条件开放,每年,0.3858828315703824,0.9189642520180312,0.5330814204476488,0.4615787818429605,0.075695950272578,0.7250000000000001,0.7133663366336633,0.4757676684983691,1.0,0.3992610062893082,0.7849999999999999,0.8285692471281633,https://data.sh.gov.cn/view/detail/index.html?type=jk&&id=O8062667812025020&&companyFlag=0
O5915184212025093,浦东新区企业商标分类统计,经济建设,上海市浦东新区人民政府,数据产品,无条件开放,每年,0.2613587191691908,0.7913827445224866,0.5300240253532957,0.3907118146556242,0.1293530954864334,0.7250000000000001,0.5816419141914191,0.2981390914896417,1.0,0.4003616352201258,0.7749999999999999,0.665717297572786,https://data.sh.gov.cn/view/detail/index.html?type=cp&&id=O5915184212025093&&companyFlag=0
O9351158002025058,装修垃圾产物台账数据,资源环境,上海市绿化和市容管理局,数据接口,有条件开放,每天,0.2555939788445891,0.7853024426040466,0.5297084637594575,0.3281266380123702,0.0725326591677811,0.7208333333333333,0.664026402640264,0.6343700457962873,0.42,0.9652987421383648,0.7849999999999999,0.5945126080079802,https://data.sh.gov.cn/view/detail/index.html?type=jk&&id=O9351158002025058&&companyFlag=0
O2813839472025101,金山区文化和旅游局2024年度决算表-财政拨款收入支出决算总表,经济建设,上海市金山区人民政府,数据产品,无条件开放,不定期更新,0.2393985287754219,0.7687388615158822,0.5293403327404603,0.3201593458433798,0.0807608170679579,0.6416666666666667,0.7952970297029703,0.3194697508691398,1.0,0.394938679245283,0.575,0.5707344361146203,https://data.sh.gov.cn/view/detail/index.html?type=cp&&id=O2813839472025101&&companyFlag=0
O5915184212025092,浦东新区企业变更次数统计,经济建设,上海市浦东新区人民政府,数据产品,无条件开放,每年,0.332323669407183,0.8604675542509697,0.5281438848437866,0.4938672816857113,0.1615436122785283,0.7250000000000001,0.5747112211221121,0.5012694665199383,1.0,0.4003616352201258,0.7749999999999999,0.6599254361849097,https://data.sh.gov.cn/view/detail/index.html?type=cp&&id=O5915184212025092&&companyFlag=0
O1928138382025879,青浦区机关运行经费绿化和市容管理局本级年度决算,城市建设,上海市青浦区人民政府,数据接口,有条件开放,每天,0.2798006509357201,0.807526994443862,0.5277263435081418,0.4541356536324562,0.1743350026967361,0.7208333333333333,0.8583539603960396,0.407610013021424,0.42,0.9652987421383648,0.7749999999999999,0.6507503977060424,https://data.sh.gov.cn/view/detail/index.html?type=jk&&id=O1928138382025879&&companyFlag=0
O1928138382025723,长宁区文旅活动信息表,文化休闲,上海市长宁区人民政府,数据接口,无条件开放,每年,0.39879983726607,0.9259880490617464,0.5271882117956765,0.5057133871474997,0.1069135498814297,0.4916666666666666,0.6182343234323432,0.4884160863016158,1.0,0.6402987421383648,0.7749999999999999,0.832930395114271,https://data.sh.gov.cn/view/detail/index.html?type=jk&&id=O1928138382025723&&companyFlag=0
O1928138382025872,青浦区独生子女意外伤残和死亡一次性补助,民生服务,上海市青浦区人民政府,数据接口,有条件开放,每天,0.3335028478437754,0.8554355802495021,0.5219327324057266,0.4623126113848412,0.1288097635410658,0.8374999999999999,0.8520833333333333,0.4690869314115918,0.42,0.9652987421383648,0.7749999999999999,0.6663866786394204,https://data.sh.gov.cn/view/detail/index.html?type=jk&&id=O1928138382025872&&companyFlag=0
O5915184212025094,浦东新区企业商标数量统计,经济建设,上海市浦东新区人民政府,数据产品,无条件开放,每年,0.3276720034617049,0.8487262815808785,0.5210542781191736,0.463570604885208,0.1358986014235031,0.7250000000000001,0.5747112211221121,0.4646418938326581,1.0,0.4003616352201258,0.7749999999999999,0.6599254361849097,https://data.sh.gov.cn/view/detail/index.html?type=cp&&id=O5915184212025094&&companyFlag=0
O5915184132025211,上海市水产研究所长三角水产种质资源保育中心建设项目投资调整明细表,民生服务,上海市大数据中心,数据产品,无条件开放,静态数据,0.225118996105582,0.7442079882587274,0.5190889921531454,0.3368277597232414,0.1117087636176594,0.7541666666666665,0.8264851485148516,0.3433402736905883,1.0,0.2472877358490566,0.585,0.5707344361146203,https://data.sh.gov.cn/view/detail/index.html?type=cp&&id=O5915184132025211&&companyFlag=0
O5915184132025191,关于同意光明食品集团2023年上海市奶业 优势特色产业集群建设项目（光明牧业金山种奶牛场育种及数字化提升改造项目）部分建设内容调整的批复,民生服务,上海市大数据中心,数据产品,无条件开放,静态数据,0.2109476417135439,0.7289024006709298,0.5179547589573859,0.3342069399308103,0.1232592982172664,0.7541666666666665,0.875,0.2537202493570232,1.0,0.2472877358490566,0.585,0.5707344361146203,https://data.sh.gov.cn/view/detail/index.html?type=cp&&id=O5915184132025191&&companyFlag=0
O1928138392025502,奉贤区乡村振兴_农村美_示范村列表明细,民生服务,上海市奉贤区人民政府,数据接口,有条件开放,每月,0.1834825061025223,0.701331376454555,0.5178488703520326,0.2715169304958591,0.0880344243933368,0.8791666666666665,0.8770833333333333,0.6072737858803166,0.42,0.8352987421383649,0.475,0.6252005510976274,https://data.sh.gov.cn/view/detail/index.html?type=jk&&id=O1928138392025502&&companyFlag=0
O1928138382025797,青浦区区管城区雨污水公共排水管道养护抽检情况汇总表,资源环境,上海市青浦区人民政府,数据接口,有条件开放,每天,0.3533360455655004,0.8695880071286298,0.5162519615631294,0.486843484641996,0.1335074390764956,0.7208333333333333,0.8341377887788779,0.5766739003333468,0.42,0.9652987421383648,0.7749999999999999,0.7162081945133545,https://data.sh.gov.cn/view/detail/index.html?type=jk&&id=O1928138382025797&&companyFlag=0
O1928138402025053,闵行区江川路街道防汛防台大型设备信息,气象服务,上海市闵行区人民政府,数据接口,无条件开放,不定期更新,0.4152766476810415,0.9314393542300032,0.5161627065489616,0.4998427508124541,0.0845661031314126,0.6125,0.7688943894389438,0.3842182720525617,1.0,0.5752987421383647,0.7749999999999999,0.7781776855456879,https://data.sh.gov.cn/view/detail/index.html?type=jk&&id=O1928138402025053&&companyFlag=0
O1928138382025808,青浦区十强企业服务业,民生服务,上海市青浦区人民政府,数据接口,有条件开放,每天,0.2798006509357201,0.7946325610651012,0.514831910129381,0.4816018450571339,0.2018011941214137,0.7958333333333333,0.7194719471947195,0.4924109371479251,0.42,0.9652987421383648,0.7749999999999999,0.67229256963487,https://data.sh.gov.cn/view/detail/index.html?type=jk&&id=O1928138382025808&&companyFlag=0
O5485687412025001,数据上链-上海市全国重要饮用水水源地月水质监测成果表,资源环境,上海市生态环境局,数据接口,无条件开放,每天,0.4857607811228641,0.995701855540413,0.5099410744175489,0.572701541042038,0.0869407599191738,0.6375,0.6212871287128713,0.6535868528034137,1.0,0.9652987421383648,0.7849999999999999,0.8717261344435874,https://data.sh.gov.cn/view/detail/index.html?type=jk&&id=O5485687412025001&&companyFlag=0
O1928138402025144,静安区夜间施工基本信息数据,资源环境,上海市静安区人民政府,数据产品,无条件开放,不定期更新,0.2884032886196451,0.7964147185239543,0.5080114299043091,0.4364189118356222,0.1480156232159771,0.7208333333333333,0.6086427392739274,0.3822451156076217,1.0,0.343066037735849,0.675,0.782699611170335,https://data.sh.gov.cn/view/detail/index.html?type=cp&&id=O1928138402025144&&companyFlag=0
O1928138382025336,杨浦区违法搭建受理处置,城市建设,上海市杨浦区人民政府,数据接口,有条件开放,每天,0.3703213995117982,0.8780794632561065,0.5077580637443083,0.4884159765174546,0.1180945770056564,0.7208333333333333,0.6189975247524753,0.6783880908699039,0.42,0.9652987421383648,0.975,0.6953217090194997,https://data.sh.gov.cn/view/detail/index.html?type=jk&&id=O1928138382025336&&companyFlag=0
O1928138392025611,普陀区社区老年助餐服务场所组织架构信息,民生服务,上海市普陀区人民政府,数据产品,无条件开放,每年,0.2000216356555603,0.7063633504560226,0.5063417148004623,0.2644931334521438,0.0644714977965835,0.8374999999999999,0.7100041254125412,0.271041286446566,1.0,0.3920235849056604,0.475,0.6446910064281653,https://data.sh.gov.cn/view/detail/index.html?type=cp&&id=O1928138392025611&&companyFlag=0
O1928138382025884,青浦区居民大肠癌筛查进度报表,卫生健康,上海市青浦区人民政府,数据接口,有条件开放,每天,0.3220097640358014,0.8268162281161547,0.5048064640803533,0.4657720935108502,0.1437623294750488,0.7958333333333333,0.775,0.502843108630342,0.42,0.9652987421383648,0.7749999999999999,0.6749303350701553,https://data.sh.gov.cn/view/detail/index.html?type=jk&&id=O1928138382025884&&companyFlag=0
O1928138382025937,青浦区赵巷镇高新技术企业名单,经济建设,上海市青浦区人民政府,数据接口,有条件开放,每天,0.3813059397884459,0.8803857846734459,0.4990798448849999,0.4857951567250236,0.1044892169365777,0.8083333333333335,0.8084158415841585,0.407610013021424,0.42,0.9652987421383648,0.975,0.6716284103177106,https://data.sh.gov.cn/view/detail/index.html?type=jk&&id=O1928138382025937&&companyFlag=0
O1928138382025335,杨浦区门体探测传感器日志表,城市建设,上海市杨浦区人民政府,数据接口,有条件开放,每天,0.3813059397884459,0.8775552992976203,0.4962493595091744,0.5022539050214907,0.1209479652330448,0.6791666666666666,0.6217615511551154,0.9259388212601718,0.42,0.9652987421383648,0.7749999999999999,0.6886486566218912,https://data.sh.gov.cn/view/detail/index.html?type=jk&&id=O1928138382025335&&companyFlag=0
O1928138382025104,宝山区对户外广告设施设置或者宣传品、标语的张贴、悬挂的许可信息,资源环境,上海市宝山区人民政府,数据产品,无条件开放,不定期更新,0.3001947209000433,0.7956808889820736,0.4954861680820303,0.4552888143411259,0.1550940934410826,0.6791666666666666,0.7883663366336634,0.2748995072585548,1.0,0.3386635220125786,0.7749999999999999,0.4717261344435873,https://data.sh.gov.cn/view/detail/index.html?type=cp&&id=O1928138382025104&&companyFlag=0
O6344680892025004,上海市用水指标,城市建设,上海市水务局,数据接口,无条件开放,每年,0.4114117168429617,0.906384317014362,0.4949726001714003,0.5341230736974526,0.1227113568544909,0.6375,0.5204001650165017,0.4400737918415774,1.0,0.6094811320754717,0.7849999999999999,0.8236345953963119,https://data.sh.gov.cn/view/detail/index.html?type=jk&&id=O6344680892025004&&companyFlag=0
O1928138382025885,青浦区警医联动信息,公共安全,上海市青浦区人民政府,数据接口,有条件开放,每天,0.3001423921887713,0.794108397106615,0.4939660049178436,0.4840129992661705,0.1838706070773991,0.8416666666666667,0.7729166666666666,0.405792382925431,0.42,0.9652987421383648,0.7749999999999999,0.6553102560373211,https://data.sh.gov.cn/view/detail/index.html?type=jk&&id=O1928138382025885&&companyFlag=0
O5915184212025097,浦东新区企业授权外观设计专利数量统计,经济建设,上海市浦东新区人民政府,数据产品,无条件开放,每年,0.3724578104716572,0.8645560331271622,0.4920982226555049,0.4367334102107139,0.0642755997390567,0.7250000000000001,0.6614686468646864,0.4026542665826593,1.0,0.4003616352201258,0.7749999999999999,0.6599254361849097,https://data.sh.gov.cn/view/detail/index.html?type=cp&&id=O5915184212025097&&companyFlag=0
14365,徐汇区两翼一体企业名录_居民服务、修理和其他服务业,社保就业,上海市徐汇区人民政府,数据产品,无条件开放,每年,0.4178926871484206,0.9093196351818847,0.4914269480334642,0.4964881014781424,0.0785954143297217,0.8,0.8833952145214521,0.3890607136409429,1.0,0.4113679245283019,0.7749999999999999,0.4717261344435873,https://data.sh.gov.cn/view/detail/index.html?type=cp&&id=14365&&companyFlag=0
O5915184212025095,浦东新区企业授权实用新型专利数量统计,经济建设,上海市浦东新区人民政府,数据产品,无条件开放,每年,0.3827347468628299,0.8717894957542719,0.4890547488914419,0.4508858370898417,0.0681510902270118,0.7250000000000001,0.6614686468646864,0.4332037232811627,1.0,0.4003616352201258,0.7749999999999999,0.6599254361849097,https://data.sh.gov.cn/view/detail/index.html?type=cp&&id=O5915184212025095&&companyFlag=0
O1928138402025019,闵行区新虹街道城市体征服务单状态信息,民生服务,上海市闵行区人民政府,数据接口,无条件开放,不定期更新,0.3533360455655004,0.8391864975364294,0.4858504519709289,0.4659817590942446,0.1126457135287442,0.9208333333333332,0.7911716171617161,0.6692771026271034,0.42,0.5752987421383647,0.975,0.7482446209083267,https://data.sh.gov.cn/view/detail/index.html?type=jk&&id=O1928138402025019&&companyFlag=0
O0210151442025002,公路水路交通固定资产投资完成情况,道路交通,上海市交通委员会,数据产品,无条件开放,每月,0.37559498052791,0.8614110493762449,0.4858160688483349,0.4979557605619037,0.1223607800339937,0.6791666666666666,0.7708333333333334,0.3371821849672803,1.0,0.5997641509433963,0.485,0.6751598659416539,https://data.sh.gov.cn/view/detail/index.html?type=cp&&id=O0210151442025002&&companyFlag=0
O1928138382025915,青浦区老年综合津贴发放情况,民生服务,上海市青浦区人民政府,数据接口,有条件开放,每天,0.3335028478437754,0.8176957752384946,0.4841929273947191,0.4571758045916763,0.1236729567479009,0.7541666666666665,0.7395833333333334,0.5419191420712646,0.42,0.9652987421383648,0.7749999999999999,0.685898205117566,https://data.sh.gov.cn/view/detail/index.html?type=jk&&id=O1928138382025915&&companyFlag=0
O5915184132025199,光明食品集团蛋鸡项目配套鸡粪处理中心项目财务决算批复表,民生服务,上海市大数据中心,数据产品,无条件开放,静态数据,0.2199264387710947,0.703952196246986,0.4840257574758912,0.3325296152636545,0.1126031764925598,0.7541666666666665,0.8022277227722773,0.310292225919043,1.0,0.2472877358490566,0.585,0.5707344361146203,https://data.sh.gov.cn/view/detail/index.html?type=cp&&id=O5915184132025199&&companyFlag=0
O1928138382025791,青浦区农村公益事业建设一事一议项目实施计划表,农业农村,上海市青浦区人民政府,数据接口,有条件开放,每天,0.3623881204231082,0.8422266484956494,0.4798385280725412,0.4991089212705734,0.1367208008474652,0.7291666666666666,0.8806105610561056,0.4444471664241415,0.42,0.9652987421383648,0.7749999999999999,0.68081306162168,https://data.sh.gov.cn/view/detail/index.html?type=jk&&id=O1928138382025791&&companyFlag=0
O1928138382025880,青浦区机关运行经费林业站年度决算表,城市建设,上海市青浦区人民政府,数据接口,有条件开放,每天,0.3001423921887713,0.7789076423105147,0.4787652501217433,0.4600062899675018,0.1598638977787305,0.7208333333333333,0.80625,0.407610013021424,0.42,0.9652987421383648,0.7749999999999999,0.6507503977060424,https://data.sh.gov.cn/view/detail/index.html?type=jk&&id=O1928138382025880&&companyFlag=0
O1928138382025904,青浦区执业医师定期考核合格人员信息,卫生健康,上海市青浦区人民政府,数据接口,有条件开放,每天,0.3533360455655004,0.8319530349093196,0.4786169893438192,0.4779326973477303,0.1245966517822299,0.9208333333333332,0.8327351485148515,0.3873123784382762,0.42,0.9652987421383648,0.7749999999999999,0.645559712773185,https://data.sh.gov.cn/view/detail/index.html?type=jk&&id=O1928138382025904&&companyFlag=0
O1928138422025071,松江区城镇低保发放名册,民生服务,上海市松江区人民政府,数据接口,有条件开放,每天,0.3220097640358014,0.792850403606248,0.4708406395704466,0.3850508439039731,0.0630410798681717,0.8791666666666665,0.5858292079207921,0.6288493753690244,0.42,0.7242610062893081,0.975,0.773634595396312,https://data.sh.gov.cn/view/detail/index.html?type=jk&&id=O1928138422025071&&companyFlag=0
O1928138382025959,青浦区住房保障申请信息,民生服务,上海市青浦区人民政府,数据接口,有条件开放,每天,0.2798006509357201,0.7468288080511584,0.4670281571154382,0.4645141000104832,0.1847134490747631,0.8374999999999999,0.7652846534653465,0.3873123784382762,0.42,0.9652987421383648,0.7749999999999999,0.5664377253848533,https://data.sh.gov.cn/view/detail/index.html?type=jk&&id=O1928138382025959&&companyFlag=0
O1928138382025919,青浦区养老机构等级评审情况_不含长照,民生服务,上海市青浦区人民政府,数据接口,有条件开放,每天,0.3858828315703824,0.8508229374148234,0.4649401058444409,0.4492085124226858,0.0633256808523034,0.8791666666666665,0.832013201320132,0.4531180856628659,0.42,0.9652987421383648,0.7749999999999999,0.6663866786394204,https://data.sh.gov.cn/view/detail/index.html?type=jk&&id=O1928138382025919&&companyFlag=0
O6344680882025002,消防技术服务机构基本信息,公共安全,上海市消防救援总队,数据产品,无条件开放,不定期更新,0.4184335785374297,0.882167942132299,0.4637343635948693,0.5144145088583709,0.0959809303209412,0.7166666666666667,0.6390676567656767,0.5474598299015119,1.0,0.3452672955974842,0.7849999999999999,0.6889762886636283,https://data.sh.gov.cn/view/detail/index.html?type=cp&&id=O6344680882025002&&companyFlag=0
O5915184142025233,上海市定点医药机构医疗保障基金监管信用管理评价指标,卫生健康,上海市大数据中心,数据产品,无条件开放,不定期更新,0.2497836434443963,0.7120243212076738,0.4622406777632774,0.3308522905964985,0.0810686471521022,0.8374999999999999,0.9111179867986798,0.3418885121707961,1.0,0.3474685534591195,0.285,0.565717297572786,https://data.sh.gov.cn/view/detail/index.html?type=cp&&id=O5915184142025233&&companyFlag=0
O1928138382025894,青浦区四区社区卫生服务人员素质,卫生健康,上海市青浦区人民政府,数据接口,有条件开放,每天,0.3106183889340927,0.7694726910577628,0.45885430212367,0.4799245203899779,0.1693061314558852,0.7958333333333333,0.7854166666666667,0.3743905551320985,0.42,0.9652987421383648,0.7749999999999999,0.645559712773185,https://data.sh.gov.cn/view/detail/index.html?type=jk&&id=O1928138382025894&&companyFlag=0
O1928138382025078,宝山区民办非企业单位登记信息,民生服务,上海市宝山区人民政府,数据产品,无条件开放,不定期更新,0.3150151449588922,0.771254848516616,0.4562397035577237,0.4211133242478247,0.1060981792889325,0.8374999999999999,0.6995049504950495,0.2460807006165591,1.0,0.3386635220125786,0.7749999999999999,0.4717261344435873,https://data.sh.gov.cn/view/detail/index.html?type=cp&&id=O1928138382025078&&companyFlag=0
O1928138382025092,宝山区河道管理范围内建设项目施工方案的审核信息,城市建设,上海市宝山区人民政府,数据产品,无条件开放,不定期更新,0.332323669407183,0.7880280951881748,0.4557044257809918,0.421218157039522,0.0888944876323389,0.7208333333333333,0.7751856435643565,0.2544051664699793,1.0,0.3386635220125786,0.7749999999999999,0.4717261344435873,https://data.sh.gov.cn/view/detail/index.html?type=cp&&id=O1928138382025092&&companyFlag=0
O1928138382025906,青浦区四区社区卫生服务机构布局及资源投入,卫生健康,上海市青浦区人民政府,数据接口,有条件开放,每天,0.3764239218877135,0.8318482021176223,0.4554242802299088,0.4783520285145193,0.1019281066268058,0.8374999999999999,0.8624999999999999,0.3946881897152463,0.42,0.9652987421383648,0.7749999999999999,0.6507503977060424,https://data.sh.gov.cn/view/detail/index.html?type=jk&&id=O1928138382025906&&companyFlag=0
O1928138382025877,青浦区户外门牌招牌信息业务表,民生服务,上海市青浦区人民政府,数据接口,有条件开放,每天,0.3813059397884459,0.8362511793689066,0.4549452395804607,0.4746828808051158,0.0933769410166699,0.8374999999999999,0.7584158415841584,0.5253896367887458,0.42,0.9652987421383648,0.7749999999999999,0.6785692471281632,https://data.sh.gov.cn/view/detail/index.html?type=jk&&id=O1928138382025877&&companyFlag=0
O1928138382025255,杨浦区智慧工地工地信息表,城市建设,上海市杨浦区人民政府,数据接口,有条件开放,每天,0.3623881204231082,0.8149701226543663,0.4525820022312581,0.479505189223189,0.1171170688000808,0.7625,0.6717409240924092,0.6928438728608217,0.42,0.7297641509433962,0.975,0.6904525530512229,https://data.sh.gov.cn/view/detail/index.html?type=jk&&id=O1928138382025255&&companyFlag=0
O1928138382025093,宝山区核技术利用单位的辐射安全许可信息,公共安全,上海市宝山区人民政府,数据产品,无条件开放,不定期更新,0.3502812635222847,0.8025998532340917,0.4523185897118069,0.4325400985428242,0.0822588350205394,0.8,0.7619843234323432,0.2586373773966686,1.0,0.3386635220125786,0.7749999999999999,0.4717261344435873,https://data.sh.gov.cn/view/detail/index.html?type=cp&&id=O1928138382025093&&companyFlag=0
O1928138382025109,宝山区挖掘城市道路许可信息,城市建设,上海市宝山区人民政府,数据产品,无条件开放,不定期更新,0.3101471224578104,0.7606667365551945,0.450519614097384,0.4090575532026418,0.0989104307448314,0.7625,0.6890882838283827,0.2838870947504334,1.0,0.3386635220125786,0.7749999999999999,0.4717261344435873,https://data.sh.gov.cn/view/detail/index.html?type=cp&&id=O1928138382025109&&companyFlag=0
O1928138382025106,宝山区建设项目竣工规划资源验收信息,城市建设,上海市宝山区人民政府,数据产品,无条件开放,不定期更新,0.3101471224578104,0.7599329070133137,0.4497857845555033,0.4154523534961736,0.1053052310383632,0.7208333333333333,0.709220297029703,0.2812673457655428,1.0,0.3386635220125786,0.7749999999999999,0.4717261344435873,https://data.sh.gov.cn/view/detail/index.html?type=cp&&id=O1928138382025106&&companyFlag=0
O5915184212025020,浦东新区农村睦邻点,民生服务,上海市浦东新区人民政府,数据产品,无条件开放,每年,0.3128515794028559,0.7615053988887724,0.4486538194859165,0.4546598175909424,0.1418082381880865,0.7541666666666665,0.462273102310231,0.2145580135266089,1.0,0.4003616352201258,0.975,0.5717261344435873,https://data.sh.gov.cn/view/detail/index.html?type=cp&&id=O5915184212025020&&companyFlag=0
O8062667812025036,上海金融创新项目信息,经济建设,中共上海市委金融委员会办公室,数据接口,无条件开放,每年,0.4337876322213181,0.8814341125904183,0.4476464803691001,0.4975364293951148,0.0637487971737966,0.6833333333333335,0.5704620462046205,0.4932314813392088,1.0,0.3992610062893082,0.7849999999999999,0.8236345953963119,https://data.sh.gov.cn/view/detail/index.html?type=jk&&id=O8062667812025036&&companyFlag=0
O1928138382025085,宝山区建设项目环境影响评价文件的审批信息,资源环境,上海市宝山区人民政府,数据产品,无条件开放,不定期更新,0.3484422327996538,0.7947373938567984,0.4462951610571446,0.4545549847992452,0.1061127519995914,0.7625,0.7654702970297029,0.2525667925425494,1.0,0.3386635220125786,0.7749999999999999,0.4717261344435873,https://data.sh.gov.cn/view/detail/index.html?type=cp&&id=O1928138382025085&&companyFlag=0
13861,闵行区新虹居委网格力量信息表,城市建设,上海市闵行区人民政府,数据接口,有条件开放,每天,0.4192432872253865,0.8625642100849146,0.443320922859528,0.4885208093091519,0.0692775220837654,0.7208333333333333,0.677970297029703,0.4958958069797236,0.42,0.9652987421383648,0.975,0.7647528244061891,https://data.sh.gov.cn/view/detail/index.html?type=jk&&id=13861&&companyFlag=0
1128,污染因子基本信息,公共安全,上海市生态环境局,数据产品,有条件开放,每天,0.4720900043271311,0.9150854387252332,0.4429954343981022,0.7391760142572597,0.2670860099301285,0.675,0.4337871287128713,0.5321102020205474,0.8300000000000001,0.9553930817610062,0.7849999999999999,0.7303252830164407,https://data.sh.gov.cn/view/detail/index.html?type=cp&&id=1128&&companyFlag=0
O1928138382025895,青浦区四区社区卫生服务中心床位设置,卫生健康,上海市青浦区人民政府,数据接口,有条件开放,每天,0.3764239218877135,0.819163434322256,0.4427395124345424,0.4801341859733725,0.1037102640856589,0.8374999999999999,0.8312499999999999,0.401464466233508,0.42,0.9652987421383648,0.7749999999999999,0.6507503977060424,https://data.sh.gov.cn/view/detail/index.html?type=jk&&id=O1928138382025895&&companyFlag=0
O1928138382025758,青浦区区级智能工厂,经济建设,上海市青浦区人民政府,数据接口,有条件开放,每天,0.3001423921887713,0.7411678372995073,0.4410254451107359,0.4890449732676381,0.1889025810788668,0.6833333333333335,0.7021245874587458,0.4794891138417474,0.42,0.9652987421383648,0.7749999999999999,0.67229256963487,https://data.sh.gov.cn/view/detail/index.html?type=jk&&id=O1928138382025758&&companyFlag=0
O1928138382025905,青浦区四区社区卫生服务中心重点人群健康管理,卫生健康,上海市青浦区人民政府,数据接口,有条件开放,每天,0.3909682668836452,0.8280742216165217,0.4371059547328764,0.5018345738547018,0.1108663069710565,0.8374999999999999,0.8729166666666666,0.3743905551320985,0.42,0.9652987421383648,0.7749999999999999,0.645559712773185,https://data.sh.gov.cn/view/detail/index.html?type=jk&&id=O1928138382025905&&companyFlag=0
O1928138422025073,松江区公办幼儿园收费单位名单及信息,教育科技,上海市松江区人民政府,数据接口,有条件开放,每天,0.3335028478437754,0.7703113533913408,0.4368085055475654,0.4224761505398888,0.0889733026961134,0.6833333333333335,0.612190594059406,0.6466884253778007,0.42,0.7242610062893081,0.975,0.8019170626737462,https://data.sh.gov.cn/view/detail/index.html?type=jk&&id=O1928138422025073&&companyFlag=0
O1928138422025227,松江区统计月报金融机构存贷款余额,经济建设,上海市松江区人民政府,数据产品,无条件开放,每年,0.3539593249675465,0.789810252647028,0.4358509276794814,0.4896739700178216,0.135714645050275,0.6000000000000001,0.5691006600660066,0.6746365428424181,1.0,0.4124685534591195,0.475,0.7127174608824353,https://data.sh.gov.cn/view/detail/index.html?type=cp&&id=O1928138422025227&&companyFlag=0
O1928138382025910,青浦区村居委会基本情况,民生服务,上海市青浦区人民政府,数据接口,有条件开放,每天,0.3764239218877135,0.8103574798196876,0.4339335579319741,0.4914561274766747,0.1150322055889612,0.8374999999999999,0.7687499999999999,0.4665479878786906,0.42,0.9652987421383648,0.7749999999999999,0.6426680765959939,https://data.sh.gov.cn/view/detail/index.html?type=jk&&id=O1928138382025910&&companyFlag=0
O1928138422025086,松江区生态环境局执法大队双随机一公开执法检查情况,资源环境,上海市松江区人民政府,数据接口,有条件开放,每天,0.3220097640358014,0.7556347625537269,0.4336249985179254,0.3964776181989726,0.0744678541631712,0.7625,0.7586221122112211,0.6919955739017226,0.42,0.7242610062893081,0.7749999999999999,0.673634595396312,https://data.sh.gov.cn/view/detail/index.html?type=jk&&id=O1928138422025086&&companyFlag=0
O1928138382025865,青浦区艾滋病咨询检测,民生服务,上海市青浦区人民政府,数据接口,有条件开放,每天,0.3001423921887713,0.7304748925463885,0.4303325003576171,0.5061327183142887,0.2059903261255174,0.8791666666666665,0.7278877887788778,0.3360120548780507,0.42,0.9652987421383648,0.7749999999999999,0.6323567359531127,https://data.sh.gov.cn/view/detail/index.html?type=jk&&id=O1928138382025865&&companyFlag=0
O1928138382025097,宝山区对建设项目配套绿化方案的意见征询信息,城市建设,上海市宝山区人民政府,数据产品,无条件开放,不定期更新,0.3502812635222847,0.7796414718523954,0.4293602083301107,0.4189118356221826,0.0686305720998978,0.7208333333333333,0.7508869636963696,0.2670264735872557,1.0,0.3386635220125786,0.7749999999999999,0.4717261344435873,https://data.sh.gov.cn/view/detail/index.html?type=cp&&id=O1928138382025097&&companyFlag=0
O1928138382025080,宝山区对建设项目配套绿化的竣工验收信息,城市建设,上海市宝山区人民政府,数据产品,无条件开放,不定期更新,0.3264820424058849,0.752699444386204,0.426217401980319,0.4088478876192473,0.0823658452133623,0.7208333333333333,0.7231229372937293,0.2499412280401422,1.0,0.3386635220125786,0.7749999999999999,0.4717261344435873,https://data.sh.gov.cn/view/detail/index.html?type=cp&&id=O1928138382025080&&companyFlag=0
O1928138382025874,青浦区广告信息业务表,文化休闲,上海市青浦区人民政府,数据接口,有条件开放,每天,0.3220097640358014,0.7447321522172136,0.4227223881814121,0.4514100010483279,0.1294002370125265,0.5333333333333333,0.6917491749174918,0.5755403036184614,0.42,0.9652987421383648,0.7749999999999999,0.6912114265694904,https://data.sh.gov.cn/view/detail/index.html?type=jk&&id=O1928138382025874&&companyFlag=0
1384,徐汇区养老机构设立信息,民生服务,上海市徐汇区人民政府办公室,数据产品,无条件开放,每年,0.4961055819991345,0.9182304224761504,0.4221248404770159,0.7392808470489569,0.2431752650498224,0.9208333333333332,0.7806311881188119,0.3185342776587364,1.0,0.4113679245283019,0.7749999999999999,0.7448392849611177,https://data.sh.gov.cn/view/detail/index.html?type=cp&&id=1384&&companyFlag=0
O1928138382025110,宝山区建设项目规划土地意见书信息,城市建设,上海市宝山区人民政府,数据产品,无条件开放,不定期更新,0.3307009952401558,0.7509172869273508,0.420216291687195,0.4149281895376874,0.0842271942975316,0.7208333333333333,0.6918729372937293,0.2864763457444523,1.0,0.3386635220125786,0.7749999999999999,0.4717261344435873,https://data.sh.gov.cn/view/detail/index.html?type=cp&&id=O1928138382025110&&companyFlag=0
O1928138382025914,青浦区康复辅具租赁点名单,民生服务,上海市青浦区人民政府,数据接口,有条件开放,每天,0.3335028478437754,0.7533284411363874,0.419825593292612,0.467868749344795,0.1343659015010196,0.7541666666666665,0.7291666666666666,0.4336917854003215,0.42,0.9652987421383648,0.7749999999999999,0.6573981668762109,https://data.sh.gov.cn/view/detail/index.html?type=jk&&id=O1928138382025914&&companyFlag=0
O1928138382025907,青浦区四区社区卫生服务中心签约服务情况,卫生健康,上海市青浦区人民政府,数据接口,有条件开放,每天,0.3858828315703824,0.8048013418597337,0.4189185102893513,0.4789810252647028,0.0930981936943204,0.7958333333333333,0.8270833333333334,0.3972644104827034,0.42,0.9652987421383648,0.7749999999999999,0.6507503977060424,https://data.sh.gov.cn/view/detail/index.html?type=jk&&id=O1928138382025907&&companyFlag=0
O1928138382025768,青浦区服务业十强,经济建设,上海市青浦区人民政府,数据接口,有条件开放,每天,0.3220097640358014,0.7391760142572597,0.4171662502214582,0.4693364084285564,0.147326644392755,0.6833333333333335,0.7021039603960396,0.458889567245499,0.42,0.9652987421383648,0.7749999999999999,0.6993469857002865,https://data.sh.gov.cn/view/detail/index.html?type=jk&&id=O1928138382025768&&companyFlag=0
O1928138382025769,青浦区灯塔奖,经济建设,上海市青浦区人民政府,数据接口,有条件开放,每天,0.3533360455655004,0.7676905335989097,0.4143544880334093,0.5034070657301604,0.1500710201646599,0.7250000000000001,0.7132013201320131,0.4896190701079609,0.42,0.9652987421383648,0.7749999999999999,0.67229256963487,https://data.sh.gov.cn/view/detail/index.html?type=jk&&id=O1928138382025769&&companyFlag=0
13902,污水处理费月度汇总,民生服务,上海市水务局,数据接口,无条件开放,每天,0.4971521562245728,0.909738966348674,0.4125868101241011,0.6654785616940979,0.1683264054695251,0.7124999999999999,0.1006394389438943,0.5606139966203395,1.0,0.9344811320754716,0.7849999999999999,0.7955597127731849,https://data.sh.gov.cn/view/detail/index.html?type=jk&&id=13902&&companyFlag=0
14051,闵行区投资机构信息,机构团体,上海市闵行区人民政府,数据接口,有条件开放,每天,0.3813059397884459,0.7881329279798721,0.4068269881914262,0.4733200545130517,0.0920141147246058,0.5375000000000001,0.609302805280528,0.4873718696677291,0.42,0.9652987421383648,0.975,0.773634595396312,https://data.sh.gov.cn/view/detail/index.html?type=jk&&id=14051&&companyFlag=0
O1928138402025143,静安区统计年鉴-2.3各街道、镇户籍人口性别结构,社会发展,上海市静安区人民政府,数据产品,无条件开放,每年,0.363154478580701,0.7696823566411574,0.4065278780604563,0.4412412202536953,0.0780867416729943,0.7291666666666666,0.7836221122112211,0.2290223972348446,1.0,0.481808176100629,0.475,0.6530751181314588,https://data.sh.gov.cn/view/detail/index.html?type=cp&&id=O1928138402025143&&companyFlag=0
O1928138382025926,青浦区残疾人健身点,文化休闲,上海市青浦区人民政府,数据接口,有条件开放,每天,0.3335028478437754,0.7381276863402872,0.4046248384965118,0.5076003773980501,0.1740975295542747,0.5333333333333333,0.7055899339933993,0.3441419983784353,0.42,0.9652987421383648,0.975,0.6604132147901489,https://data.sh.gov.cn/view/detail/index.html?type=jk&&id=O1928138382025926&&companyFlag=0
O5915184212025044,浦东新区白事通-公墓,民生服务,上海市浦东新区人民政府,数据产品,无条件开放,每年,0.3390307226308957,0.7413775028829017,0.402346780252006,0.4184925044553936,0.0794617818244979,0.7541666666666665,0.4415016501650165,0.2059126813145955,1.0,0.4003616352201258,0.975,0.5717261344435873,https://data.sh.gov.cn/view/detail/index.html?type=cp&&id=O5915184212025044&&companyFlag=0
O1928138382025771,青浦区创新型中小企业,经济建设,上海市青浦区人民政府,数据接口,有条件开放,每天,0.3533360455655004,0.7515462836775343,0.3982102381120339,0.4919802914351609,0.1386442458696605,0.6833333333333335,0.7056105610561056,0.4924109371479251,0.42,0.9652987421383648,0.7749999999999999,0.67229256963487,https://data.sh.gov.cn/view/detail/index.html?type=jk&&id=O1928138382025771&&companyFlag=0
12161,青浦区规模以上服务业企业主要指标按地区分,经济建设,上海市青浦区人民政府,数据产品,无条件开放,每年,0.488749459108611,0.8861515882167942,0.3974021291081832,0.6348673865185029,0.1461179274098919,0.6833333333333335,0.7751237623762377,0.1939537407730141,1.0,0.4102672955974843,0.975,0.5717261344435873,https://data.sh.gov.cn/view/detail/index.html?type=cp&&id=12161&&companyFlag=0
O5915184212025007,浦东新区活动室,民生服务,上海市浦东新区人民政府,数据产品,无条件开放,每年,0.3213976633491995,0.7162176328755635,0.394819969526364,0.4529824929237865,0.131584829574587,0.7541666666666665,0.4345090759075908,0.1733698938655342,1.0,0.4003616352201258,0.975,0.5717261344435873,https://data.sh.gov.cn/view/detail/index.html?type=cp&&id=O5915184212025007&&companyFlag=0
O1928138382025766,青浦区高新技术企业,经济建设,上海市青浦区人民政府,数据接口,有条件开放,每天,0.3335028478437754,0.7277492399622602,0.3942463921184847,0.520075479610022,0.1865726317662466,0.6833333333333335,0.6744018151815182,0.4924109371479251,0.42,0.9652987421383648,0.7749999999999999,0.67229256963487,https://data.sh.gov.cn/view/detail/index.html?type=jk&&id=O1928138382025766&&companyFlag=0
O1928138382025750,青浦区城区公共排水管道养护抽检情况汇总表,城市建设,上海市青浦区人民政府,数据接口,有条件开放,每天,0.4114117168429617,0.8038578467344586,0.3924461298914968,0.4824405073907118,0.0710287905477501,0.6791666666666666,0.7535891089108911,0.5328000893718484,0.42,0.9652987421383648,0.7749999999999999,0.6903764427211863,https://data.sh.gov.cn/view/detail/index.html?type=jk&&id=O1928138382025750&&companyFlag=0
13381,上海市学校分校区管理基本信息,教育科技,上海市教育委员会,数据产品,有条件开放,每年,0.4058848983124188,0.7962050529405598,0.3903201546281409,0.5237446273194255,0.1178597290070067,0.6833333333333335,0.7611386138613861,0.3939208678737378,1.0,0.26325,0.7849999999999999,0.4717261344435873,https://data.sh.gov.cn/view/detail/index.html?type=cp&&id=13381&&companyFlag=0
O5915184212025070,浦东新区智慧帮办-事务受理中心,民生服务,上海市浦东新区人民政府,数据产品,无条件开放,每年,0.414106447425357,0.8036481811510641,0.389541733725707,0.4820211762239228,0.0679147287985658,0.7958333333333333,0.5289810231023102,0.1962713418611236,1.0,0.4003616352201258,0.975,0.5717261344435873,https://data.sh.gov.cn/view/detail/index.html?type=cp&&id=O5915184212025070&&companyFlag=0
O1928138382025779,青浦区发展增速十强服务业,社会发展,上海市青浦区人民政府,数据接口,有条件开放,每天,0.3703213995117982,0.7589894118880386,0.3886680123762404,0.4624174441765384,0.0920960446647402,0.6458333333333334,0.7437706270627062,0.4794891138417474,0.42,0.9652987421383648,0.7749999999999999,0.67229256963487,https://data.sh.gov.cn/view/detail/index.html?type=jk&&id=O1928138382025779&&companyFlag=0
O1928138382025754,青浦区殡仪馆接运遗体收费一览表,民生服务,上海市青浦区人民政府,数据接口,有条件开放,每天,0.3858828315703824,0.7740853338924416,0.3882025023220591,0.4672397525946116,0.0813569210242292,0.7958333333333333,0.7507632013201321,0.4226986157099063,0.42,0.9652987421383648,0.7749999999999999,0.6553102560373211,https://data.sh.gov.cn/view/detail/index.html?type=jk&&id=O1928138382025754&&companyFlag=0
O1928138402025046,闵行区教育场所信息,教育科技,上海市闵行区人民政府,数据接口,有条件开放,不定期更新,0.3623881204231082,0.7497641262186812,0.3873760057955729,0.4335884264597966,0.0712003060366884,0.7250000000000001,0.6231641914191419,0.7615665750817194,0.42,0.5752987421383647,0.975,0.7993469857002865,https://data.sh.gov.cn/view/detail/index.html?type=jk&&id=O1928138402025046&&companyFlag=0
O1928138422025213,松江门户_开放数据_部分监测点主副食品均价表,民生服务,上海市松江区人民政府,数据产品,无条件开放,每年,0.3162051060147122,0.7034280322884998,0.3872229262737875,0.4042352447845686,0.0880301387698564,0.7541666666666665,0.6150165016501651,0.4020042528751308,1.0,0.4113679245283019,0.475,0.665717297572786,https://data.sh.gov.cn/view/detail/index.html?type=cp&&id=O1928138422025213&&companyFlag=0
14342,徐汇区爱心接力站信息表,民生服务,上海市徐汇区人民政府,数据产品,无条件开放,每年,0.3683470359151882,0.7508124541356537,0.3824654182204654,0.4740538840549324,0.1057068481397441,0.7958333333333333,0.2373143564356435,0.1785309013457312,1.0,0.6215880503144655,0.975,0.5717261344435873,https://data.sh.gov.cn/view/detail/index.html?type=cp&&id=14342&&companyFlag=0
O1928138382025098,宝山区排污许可证核发许可信息,资源环境,上海市宝山区人民政府,数据产品,无条件开放,不定期更新,0.3244266551276503,0.7048956913722613,0.3804690362446109,0.4705944019289234,0.1461677468012731,0.7208333333333333,0.6502475247524753,0.2653349846639657,1.0,0.3386635220125786,0.7749999999999999,0.4717261344435873,https://data.sh.gov.cn/view/detail/index.html?type=cp&&id=O1928138382025098&&companyFlag=0
O1928138382025785,青浦区环境信息依法披露企业名单,资源环境,上海市青浦区人民政府,数据接口,有条件开放,每天,0.3703213995117982,0.7507076213439564,0.3803862218321582,0.4661914246776392,0.0958700251658409,0.8041666666666666,0.6968028052805281,0.4295409464054951,0.42,0.9652987421383648,0.7749999999999999,0.673634595396312,https://data.sh.gov.cn/view/detail/index.html?type=jk&&id=O1928138382025785&&companyFlag=0
11623,林长制巡护事件信息,城市建设,上海市绿化和市容管理局,数据接口,有条件开放,每天,0.4703010577705451,0.8488311143725757,0.3785300566020306,0.5538316385365343,0.0835305807659891,0.6791666666666666,0.4553424092409241,0.7419412873710423,0.42,0.9652987421383648,0.985,0.7849347490761972,https://data.sh.gov.cn/view/detail/index.html?type=jk&&id=11623&&companyFlag=0
13221,商标国际分类一级表,经济建设,上海市知识产权局,数据接口,无条件开放,每季度,0.4572823433685923,0.8327916972428976,0.3755093538743052,0.5615892651221303,0.1043069217535379,0.6000000000000001,0.4719265676567656,0.4510257344047012,1.0,0.6756446540880503,0.585,0.7112551633673841,https://data.sh.gov.cn/view/detail/index.html?type=jk&&id=13221&&companyFlag=0
O5915184212025005,浦东新区法律咨询,民生服务,上海市浦东新区人民政府,数据产品,无条件开放,每年,0.3643444396365209,0.7398050110074431,0.3754605713709221,0.4536639060698186,0.0893194664332977,0.7541666666666665,0.4483910891089109,0.1948622741632138,1.0,0.4003616352201258,0.975,0.5717261344435873,https://data.sh.gov.cn/view/detail/index.html?type=cp&&id=O5915184212025005&&companyFlag=0
O1928138402025039,闵行区教育调查问卷填答汇总信息,民生服务,上海市闵行区人民政府,数据接口,无条件开放,不定期更新,0.3438771358828316,0.7092986686235454,0.3654215327407138,0.4766747038473634,0.1327975679645318,0.8374999999999999,0.716852310231023,0.8091213283936589,0.42,0.5752987421383647,0.7749999999999999,0.68081306162168,https://data.sh.gov.cn/view/detail/index.html?type=jk&&id=O1928138402025039&&companyFlag=0
O1928138382025117,宝山区《建设工程规划许可证》审批信息,城市建设,上海市宝山区人民政府,数据产品,无条件开放,不定期更新,0.3842492427520554,0.7467239752594612,0.3624747325074058,0.4485795156725023,0.0643302729204469,0.6791666666666666,0.6877062706270627,0.3102089793307467,1.0,0.3386635220125786,0.7749999999999999,0.4717261344435873,https://data.sh.gov.cn/view/detail/index.html?type=cp&&id=O1928138382025117&&companyFlag=0
O1928138382025756,青浦区百强,经济建设,上海市青浦区人民政府,数据接口,有条件开放,每天,0.3623881204231082,0.7159031345004717,0.3535150140773635,0.4819163434322256,0.1195282230091174,0.6833333333333335,0.6604579207920792,0.4924109371479251,0.42,0.9652987421383648,0.7749999999999999,0.67229256963487,https://data.sh.gov.cn/view/detail/index.html?type=jk&&id=O1928138382025756&&companyFlag=0
O6344680882025001,消防行政处罚信息公开数据,公共安全,上海市消防救援总队,数据产品,无条件开放,每月,0.4865858935525746,0.8395009959115212,0.3529151023589465,0.5564524583289653,0.0698665647763907,0.675,0.5828795379537954,0.4705509243561436,1.0,0.6052672955974843,0.585,0.565717297572786,https://data.sh.gov.cn/view/detail/index.html?type=cp&&id=O6344680882025001&&companyFlag=0
14182,徐汇区志愿服务中心表,民生服务,上海市徐汇区人民政府,数据产品,无条件开放,每年,0.4261142362613587,0.772093510850194,0.3459792745888352,0.4983750917286927,0.072260855467334,0.8374999999999999,0.4984323432343234,0.1893133500868153,1.0,0.5885691823899372,0.7749999999999999,0.4717261344435873,https://data.sh.gov.cn/view/detail/index.html?type=cp&&id=14182&&companyFlag=0
14047,闵行区燃气企业信息,民生服务,上海市闵行区人民政府,数据接口,有条件开放,每天,0.3954434499593165,0.74106300450781,0.3456195545484935,0.4759408743054827,0.0804974243461662,0.8791666666666665,0.6308374587458746,0.4649572704041043,0.42,0.9652987421383648,0.7749999999999999,0.6573981668762109,https://data.sh.gov.cn/view/detail/index.html?type=jk&&id=14047&&companyFlag=0
11622,林长制巡护信息,城市建设,上海市绿化和市容管理局,数据接口,有条件开放,每天,0.4957282343368592,0.837718838452668,0.3419906041158088,0.5702903868330014,0.0745621524961421,0.6791666666666666,0.4171823432343234,0.7668132875350687,0.42,0.9652987421383648,0.985,0.7761828752832394,https://data.sh.gov.cn/view/detail/index.html?type=jk&&id=11622&&companyFlag=0
O1928138382025780,青浦区发展增速十强制造业,工业制造,上海市青浦区人民政府,数据接口,有条件开放,每天,0.3909682668836452,0.7254429185449208,0.3344746516612756,0.4807631827235559,0.0897949158399107,0.5708333333333334,0.7333745874587458,0.4794891138417474,0.42,0.9652987421383648,0.7749999999999999,0.67229256963487,https://data.sh.gov.cn/view/detail/index.html?type=jk&&id=O1928138382025780&&companyFlag=0
O1928138382025050,嘉定区特色档案_上海市政府质量奖获奖名单,社会发展,上海市嘉定区人民政府,数据接口,无条件开放,每年,0.3813059397884459,0.7145403082084076,0.3332343684199617,0.4841178320578677,0.1028118922694217,0.6458333333333334,0.7266089108910891,0.7779007280239819,0.42,0.4542924528301887,0.975,0.7886486566218912,https://data.sh.gov.cn/view/detail/index.html?type=jk&&id=O1928138382025050&&companyFlag=0
O5485687432025011,职业卫生技术服务机构,卫生健康,上海市卫生健康委员会,数据接口,有条件开放,每月,0.3909682668836452,0.7154838033336828,0.3245155364500375,0.5125275186078205,0.1215592517241753,0.7541666666666665,0.6286303630363036,0.4238710579500199,0.42,0.8352987421383649,0.985,0.6691226335199949,https://data.sh.gov.cn/view/detail/index.html?type=jk&&id=O5485687432025011&&companyFlag=0
O5364112272025006,上海市劳模创新工作室信息,教育科技,上海市总工会,数据接口,无条件开放,每年,0.4337876322213181,0.7572072544291855,0.3234196222078673,0.5380018869902505,0.1042142547689324,0.6000000000000001,0.1526815181518152,0.4608359531284365,1.0,0.6402987421383648,0.7849999999999999,0.7861171444043169,https://data.sh.gov.cn/view/detail/index.html?type=jk&&id=O5364112272025006&&companyFlag=0
O1928138382025731,长宁区楼宇党群服务阵地,机构团体,上海市长宁区人民政府,数据接口,无条件开放,每年,0.3909682668836452,0.7081455079148757,0.3171772410312305,0.4640947688436943,0.0731265019600491,0.4541666666666667,0.5385519801980198,0.2801635293636741,1.0,0.6402987421383648,0.575,0.66809827605196,https://data.sh.gov.cn/view/detail/index.html?type=jk&&id=O1928138382025731&&companyFlag=0
13830,闵行区用房标准表,民生服务,上海市闵行区人民政府,数据接口,有条件开放,每天,0.39879983726607,0.7075165111646923,0.3087166738986223,0.505818219939197,0.1070183826731269,0.7958333333333333,0.5981435643564357,0.4934347227472656,0.42,0.9652987421383648,0.7749999999999999,0.670900828051611,https://data.sh.gov.cn/view/detail/index.html?type=jk&&id=13830&&companyFlag=0
