数据集ID,数据资源名称,数据领域,数据资源类型,开放属性,baseline_candidate,sensitivity_selected_count,sensitivity_selected_share,PotentialUse_CRITIC_percentile,ActualUse_type_percentile,DormantScore_rule,robustness_rank
O2813841502025060,徐汇区化学原料和化学制品制造业单位,经济建设,数据产品,有条件开放,1,54,1.0,0.9931858685396792,0.0205538727823453,0.9726319957573338,1.0
O2813841502026103,徐汇区_安全隐患监管一体机_物联设备信息,公共安全,数据产品,有条件开放,1,54,1.0,0.9800817695775238,0.0075724794461272,0.9725092901313966,1.0001048327916973
O2813841502025068,徐汇区建筑装饰、装修和其他建筑业单位,经济建设,数据产品,有条件开放,1,54,1.0,0.9958066883321104,0.0240155776720034,0.971791110660107,1.0002096655833945
O2813841502026058,徐汇区华泾镇_消火栓按钮传感器_物联设备信息,公共安全,数据产品,有条件开放,1,54,1.0,0.9717999790334416,0.0022717438338381,0.9695282351996035,1.0003144983750918
O2813841502025071,徐汇区机动车、电子产品和日用产品修理业单位,经济建设,数据产品,有条件开放,1,54,1.0,0.99695984904078,0.0276936391172652,0.9692662099235149,1.000419331166789
O2813841502026052,徐汇区斜土街道_火灾烟雾探测传感器_物联设备信息,公共安全,数据产品,有条件开放,1,54,1.0,0.9703323199496804,0.0022717438338381,0.9680605761158423,1.0005241639584863
O2813841502026030,徐汇区康健街道_火灾烟雾探测传感器_物联设备信息,公共安全,数据产品,有条件开放,1,54,1.0,0.9695984904077996,0.0022717438338381,0.9673267465739614,1.0006289967501836
O2813841502026034,徐汇区枫林街道_火灾烟雾探测传感器_物联设备信息,公共安全,数据产品,有条件开放,1,54,1.0,0.969283992032708,0.0022717438338381,0.9670122481988699,1.0007338295418808
O2813841502026032,徐汇区华泾镇_火灾烟雾探测传感器_物联设备信息,公共安全,数据产品,有条件开放,1,54,1.0,0.97452563161757,0.0075724794461272,0.9669531521714428,1.000838662333578
O2813841502026051,徐汇区天平街道_门体状态探测传感器(gsm版)_物联设备信息,公共安全,数据产品,有条件开放,1,54,1.0,0.9687598280742216,0.0022717438338381,0.9664880842403835,1.0009434951252751
O2813841502025072,徐汇区橡胶和塑料制品业单位,经济建设,数据产品,有条件开放,1,54,1.0,0.9902505503721564,0.0240155776720034,0.966234972700153,1.0010483279169724
O2813841502026043,徐汇区华泾镇_门体状态探测传感器(gsm版)_物联设备信息,公共安全,数据产品,有条件开放,1,54,1.0,0.9778802809518816,0.0123323236694071,0.9655479572824746,1.0011531607086697
O2813841502026046,徐汇区斜土街道_门体状态探测传感器(gsm版)_物联设备信息,公共安全,数据产品,有条件开放,1,54,1.0,0.9719048118251388,0.0075724794461272,0.9643323323790116,1.001257993500367
O2813841502026062,徐汇区华泾镇_感温探测器_物联设备信息,公共安全,数据产品,有条件开放,1,54,1.0,0.9661390082817906,0.0022717438338381,0.9638672644479525,1.0013628262920642
O2813841502025067,徐汇区废弃资源综合利用业单位,经济建设,数据产品,有条件开放,1,54,1.0,0.991403711080826,0.0276936391172652,0.9637100719635608,1.0014676590837615
O2813841502026139,徐汇区_门体状态探测传感器_物联设备信息,民生服务,数据产品,有条件开放,1,54,1.0,0.9798721039941294,0.0163349199480744,0.9635371840460549,1.0015724918754585
O2813841502025070,徐汇区文教、工美、体育和娱乐用品制造业单位,经济建设,数据产品,有条件开放,1,54,1.0,0.9949680259985324,0.0323453050627434,0.962622720935789,1.0016773246671558
O2813841502025069,徐汇区房地产业单位,经济建设,数据产品,有条件开放,1,54,1.0,0.9897263864136702,0.0276936391172652,0.962032747296405,1.001782157458853
O2813841502026115,徐汇区_室外消火栓末端压力_物联设备信息,公共安全,数据产品,有条件开放,1,54,1.0,0.963727854072754,0.0022717438338381,0.9614561102389159,1.0018869902505503
O2813841502026054,徐汇区虹梅街道_火灾烟雾探测传感器_物联设备信息,公共安全,数据产品,有条件开放,1,54,1.0,0.9686549952825244,0.0075724794461272,0.9610825158363973,1.0019918230422475
O2813841502026035,徐汇区康健街道_门体状态探测传感器(gsm版)_物联设备信息,公共安全,数据产品,有条件开放,1,54,1.0,0.9729531397421112,0.0123323236694071,0.9606208160727041,1.0020966558339448
O2813841502025061,徐汇区印刷和记录媒介复制业单位,经济建设,数据产品,有条件开放,1,54,1.0,0.992661704581193,0.0323453050627434,0.9603163995184496,1.002201488625642
O2813841502026061,徐汇区龙华街道_火灾烟雾探测传感器_物联设备信息,公共安全,数据产品,有条件开放,1,54,1.0,0.9678163329489464,0.0075724794461272,0.9602438535028193,1.0023063214173393
O2813841502026053,徐汇区湖南街道_输入输出模块_物联设备信息,公共安全,数据产品,有条件开放,1,54,1.0,0.9619456966139008,0.0022717438338381,0.9596739527800627,1.0024111542090366
O2813841502025078,徐汇区装卸搬运和仓储业单位,经济建设,数据产品,有条件开放,1,54,1.0,0.9873152322046336,0.0276936391172652,0.9596215930873684,1.0025159870007339
O2813841502026067,徐汇区虹梅街道_门体状态探测传感器(gsm版)_物联设备信息,公共安全,数据产品,有条件开放,1,54,1.0,0.9669776706153684,0.0075724794461272,0.9594051911692413,1.0026208197924311
O2813841502025092,徐汇区居民服务业单位,经济建设,数据产品,有条件开放,1,54,1.0,0.9917182094559178,0.0323453050627434,0.9593729043931745,1.0027256525841284
O2813841502025080,徐汇区资本市场服务单位,经济建设,数据产品,有条件开放,1,54,1.0,0.9868959010378446,0.0276936391172652,0.9592022619205794,1.0028304853758256
O2813841502026116,徐汇区_末端试水电动阀_物联设备信息,公共安全,数据产品,有条件开放,1,54,1.0,0.9604780375301394,0.0022717438338381,0.9582062936963013,1.002935318167523
O2813841502025062,徐汇区商务服务业单位,经济建设,数据产品,有条件开放,1,54,1.0,0.9954921899570186,0.037321505841627,0.9581706841153916,1.0030401509592202
O2813841502025064,徐汇区土木工程建筑业单位,经济建设,数据产品,有条件开放,1,54,1.0,0.9901457175804592,0.0323453050627434,0.9578004125177159,1.0031449837509174
O2813841502025095,徐汇区批发业单位,经济建设,数据产品,有条件开放,1,54,1.0,0.990040884788762,0.0323453050627434,0.9576955797260186,1.0032498165426147
O2813841502026033,徐汇区田林街道_门禁设备_物联设备信息,公共安全,数据产品,有条件开放,1,54,1.0,0.9584862144878918,0.0022717438338381,0.9562144706540537,1.0033546493343117
O2813841502026156,徐汇区_楼道堆物监测传感器_物联设备信息,民生服务,数据产品,有条件开放,1,54,1.0,0.9573330537792222,0.0022717438338381,0.9550613099453841,1.003459482126009
O2813841502026108,徐汇区_压力开关传感器_物联设备信息,公共安全,数据产品,有条件开放,1,54,1.0,0.9625746933640844,0.0075724794461272,0.9550022139179573,1.0035643149177063
O2813841502026068,徐汇区华泾镇_手动火灾报警按钮_物联设备信息,公共安全,数据产品,有条件开放,1,54,1.0,0.9707516511164692,0.0163349199480744,0.9544167311683949,1.0036691477094035
O2813841502026102,徐汇区_正压风机传感器_物联设备信息,公共安全,数据产品,有条件开放,1,54,1.0,0.9747352972009644,0.0205538727823453,0.9541814244186191,1.0037739805011008
O2813841502026042,徐汇区凌云街道_感温探测器_物联设备信息,公共安全,数据产品,有条件开放,1,54,1.0,0.9607925359052312,0.0075724794461272,0.953220056459104,1.0038788132927978
O2813841502026063,徐汇区华泾镇_火灾探测器_物联设备信息,公共安全,数据产品,有条件开放,1,54,1.0,0.9655100115316072,0.0123323236694071,0.9531776878622001,1.003983646084495
O2813841502026037,徐汇区虹梅街道_输入输出模块_物联设备信息,公共安全,数据产品,有条件开放,1,54,1.0,0.9735821364922947,0.0205538727823453,0.9530282637099494,1.0040884788761923
O2813841502025083,徐汇区金属制品业单位,经济建设,数据产品,有条件开放,1,54,1.0,0.9852185763706888,0.0323453050627434,0.9528732713079454,1.0041933116678896
O2813841502025058,徐汇区体育业单位,经济建设,数据产品,有条件开放,1,54,1.0,0.9894118880385784,0.037321505841627,0.9520903821969514,1.0042981444595869
O2813841502026079,徐汇区湖南街道_门体状态探测传感器(gsm版)_物联设备信息,公共安全,数据产品,有条件开放,1,54,1.0,0.9643568508229374,0.0123323236694071,0.9520245271535304,1.0044029772512841
O2813841502026047,徐汇区天平街道_火灾烟雾探测传感器_物联设备信息,公共安全,数据产品,有条件开放,1,54,1.0,0.9683404969074326,0.0163349199480744,0.9520055769593583,1.0045078100429814
O2813841502026069,徐汇区枫林街道_输入输出模块_物联设备信息,公共安全,数据产品,有条件开放,1,54,1.0,0.9595345424048642,0.0075724794461272,0.9519620629587371,1.0046126428346787
O2813841502026073,徐汇区凌云街道_消火栓按钮传感器_物联设备信息,公共安全,数据产品,有条件开放,1,54,1.0,0.9641471852395428,0.0123323236694071,0.9518148615701357,1.004717475626376
O2813841502026031,徐汇区龙华街道_门禁设备_物联设备信息,公共安全,数据产品,有条件开放,1,54,1.0,0.9592200440297726,0.0075724794461272,0.9516475645836454,1.0048223084180732
O2813841502025077,徐汇区纺织服装、服饰业单位,经济建设,数据产品,有条件开放,1,54,1.0,0.988782891288395,0.037321505841627,0.9514613854467681,1.0049271412097704
O2813841502026056,徐汇区漕河泾街道_模块_物联设备信息,公共安全,数据产品,有条件开放,1,54,1.0,0.9588007128629836,0.0075724794461272,0.9512282334168565,1.0050319740014677
O2813841502026107,徐汇区_广告牌安全监测_物联设备信息,公共安全,数据产品,有条件开放,1,54,1.0,0.9716951462417444,0.0205538727823453,0.951141273459399,1.005136806793165
O2813841502025102,徐汇区食品制造业单位,经济建设,数据产品,有条件开放,1,54,1.0,0.9876297305797254,0.037321505841627,0.9503082247380984,1.0052416395848622
O2813841502025082,徐汇区邮政业单位,经济建设,数据产品,有条件开放,1,54,1.0,0.9825977565782577,0.0323453050627434,0.9502524515155143,1.0053464723765595
O2813841502026097,徐汇区_送风阀口传感器_物联设备信息,公共安全,数据产品,有条件开放,1,54,1.0,0.9664535066568822,0.0163349199480744,0.9501185867088078,1.0054513051682568
O2813841502026065,徐汇区龙华街道_点型感烟探测器_物联设备信息,公共安全,数据产品,有条件开放,1,54,1.0,0.9621553621972954,0.0123323236694071,0.9498230385278883,1.005556137959954
O2813841502026059,徐汇区凌云街道_手动火灾报警按钮_物联设备信息,公共安全,数据产品,有条件开放,1,54,1.0,0.9658245099066988,0.0163349199480744,0.9494895899586244,1.005660970751651
O2813841502026127,徐汇区_门体状态探测传感器(nb版)_物联设备信息,公共安全,数据产品,有条件开放,1,54,1.0,0.9731628053255058,0.0240155776720034,0.9491472276535025,1.0057658035433483
O2813841502026077,徐汇区漕河泾街道_输入输出模块_物联设备信息,公共安全,数据产品,有条件开放,1,54,1.0,0.9614215326554146,0.0123323236694071,0.9490892089860076,1.0058706363350456
O2813841502025065,徐汇区娱乐业单位,经济建设,数据产品,有条件开放,1,54,1.0,0.9908795471223398,0.0424058848983124,0.9484736622240274,1.0059754691267428
O2813841502025057,徐汇区专用设备制造业单位,经济建设,数据产品,有条件开放,1,54,1.0,0.9907747143306426,0.0424058848983124,0.9483688294323301,1.0060803019184401
O2813841502026055,徐汇区枫林街道_输入模块_物联设备信息,公共安全,数据产品,有条件开放,1,54,1.0,0.9557605619037636,0.0075724794461272,0.9481880824576364,1.0061851347101374
O2813841502025059,徐汇区农副食品加工业单位,经济建设,数据产品,有条件开放,1,54,1.0,0.9905650487472482,0.0424058848983124,0.9481591638489357,1.0062899675018344
O2813841502026100,徐汇区_车辆地磁探测传感器_物联设备信息,公共安全,数据产品,有条件开放,1,54,1.0,0.9644616836146348,0.0163349199480744,0.9481267636665605,1.0063948002935317
O2813841502026074,徐汇区天平街道_火灾探测器_物联设备信息,公共安全,数据产品,有条件开放,1,54,1.0,0.9556557291120662,0.0075724794461272,0.948083249665939,1.006499633085229
O2813841502026044,徐汇区康健街道_感烟探测器_物联设备信息,公共安全,数据产品,有条件开放,1,54,1.0,0.9600587063633504,0.0123323236694071,0.9477263826939434,1.0066044658769262
O2813841502026167,徐汇区_结构监测多元传感器_物联设备信息,公共安全,数据产品,有条件开放,1,54,1.0,0.9496802599853236,0.0022717438338381,0.9474085161514855,1.0067092986686235
O2813841502026153,徐汇区_倾斜监测传感器_物联设备信息,公共安全,数据产品,有条件开放,1,54,1.0,0.9549218995701856,0.0075724794461272,0.9473494201240584,1.0068141314603207
O2813841502026151,徐汇区_蓝牙嗅探传感器_物联设备信息,公共安全,数据产品,有条件开放,1,54,1.0,0.9548170667784884,0.0075724794461272,0.9472445873323613,1.006918964252018
O2813841502026064,徐汇区天平街道_门禁设备_物联设备信息,公共安全,数据产品,有条件开放,1,54,1.0,0.9547122339867912,0.0075724794461272,0.947139754540664,1.0070237970437153
O2813841502025091,徐汇区土地管理业单位,经济建设,数据产品,有条件开放,1,54,1.0,0.9843799140371108,0.037321505841627,0.9470584081954838,1.0071286298354125
O2813841502026161,徐汇区_噪音检测传感器_物联设备信息,民生服务,数据产品,有条件开放,1,54,1.0,0.9541880700283047,0.0075724794461272,0.9466155905821776,1.0072334626271098
O2813841502025076,徐汇区租赁业单位,经济建设,数据产品,有条件开放,1,54,1.0,0.9834364189118356,0.037321505841627,0.9461149130702087,1.007338295418807
O2813841502026078,徐汇区天平街道_输入输出模块_物联设备信息,公共安全,数据产品,有条件开放,1,54,1.0,0.9582765489044972,0.0123323236694071,0.9459442252350901,1.0074431282105043
O2813841502026152,徐汇区_消防控制柜传感器_物联设备信息,公共安全,数据产品,有条件开放,1,54,1.0,0.9580668833211028,0.0123323236694071,0.9457345596516957,1.0075479610022016
O2813841502026109,徐汇区_倾角震动传感器_物联设备信息,公共安全,数据产品,有条件开放,1,54,1.0,0.9575427193626166,0.0123323236694071,0.9452103956932095,1.0076527937938988
O2813841502026066,徐汇区天平街道_感温探测器_物联设备信息,公共安全,数据产品,有条件开放,1,54,1.0,0.9574378865709194,0.0123323236694071,0.9451055629015124,1.007757626585596
O2813841502026040,徐汇区枫林街道_模块_物联设备信息,公共安全,数据产品,有条件开放,1,54,1.0,0.9613166998637174,0.0163349199480744,0.944981779915643,1.0078624593772934
O2813841502026160,徐汇区_防火门监控器_物联设备信息,公共安全,数据产品,有条件开放,1,54,1.0,0.9471642729845896,0.0022717438338381,0.9448925291507515,1.0079672921689906
O2813841502025085,徐汇区专业技术服务业单位,经济建设,数据产品,有条件开放,1,54,1.0,0.9918230422476152,0.047382085677196,0.9444409565704192,1.0080721249606877
O2813841502026138,徐汇区_垃圾满溢探测传感器_物联设备信息,民生服务,数据产品,有条件开放,1,54,1.0,0.9647761819897264,0.0205538727823453,0.944222309207381,1.008176957752385
O2813841502026172,徐汇区_电弧灭弧探测传感器_物联设备信息,公共安全,数据产品,有条件开放,1,54,1.0,0.9508334206939932,0.0075724794461272,0.9432609412478661,1.0082817905440822
O2813841502026164,徐汇区_空调控制器_物联设备信息,民生服务,数据产品,有条件开放,1,54,1.0,0.950728587902296,0.0075724794461272,0.9431561084561688,1.0083866233357794
O2813841502026057,徐汇区斜土街道_输入模块_物联设备信息,公共安全,数据产品,有条件开放,1,54,1.0,0.9553412307369744,0.0123323236694071,0.9430089070675673,1.0084914561274767
O2813841502026111,徐汇区_消防主管网压力_物联设备信息,公共安全,数据产品,有条件开放,1,54,1.0,0.9635181884893594,0.0205538727823453,0.9429643157070141,1.008596288919174
O2813841502026076,徐汇区长桥街道_消火栓按钮传感器_物联设备信息,公共安全,数据产品,有条件开放,1,54,1.0,0.9629940245308732,0.0205538727823453,0.9424401517485279,1.008701121710871
O2813841502026060,徐汇区漕河泾街道_输入模块_物联设备信息,公共安全,数据产品,有条件开放,1,54,1.0,0.9586958800712864,0.0163349199480744,0.9423609601232119,1.0088059545025683
O2813841502026028,徐汇区斜土街道_门禁设备_物联设备信息,城市建设,数据产品,有条件开放,1,54,1.0,0.9546074011950938,0.0123323236694071,0.9422750775256867,1.0089107872942655
O2813841502025094,徐汇区房屋建筑业单位,经济建设,数据产品,有条件开放,1,54,1.0,0.9845895796205052,0.0424058848983124,0.9421836947221928,1.0090156200859628
O2813841502026039,徐汇区虹梅街道_输入模块_物联设备信息,公共安全,数据产品,有条件开放,1,54,1.0,0.9583813816961946,0.0163349199480744,0.9420464617481201,1.00912045287766
O2813841502026080,徐汇区天平街道_消火栓按钮传感器_物联设备信息,公共安全,数据产品,有条件开放,1,54,1.0,0.9623650277806898,0.0205538727823453,0.9418111549983444,1.0092252856693573
O2813841502026162,徐汇区_火焰探测器_物联设备信息,公共安全,数据产品,有条件开放,1,54,1.0,0.9440192892336724,0.0022717438338381,0.9417475453998343,1.0093301184610546
O2813841502025086,徐汇区互联网和相关服务单位,经济建设,数据产品,有条件开放,1,54,1.0,0.9888877240800924,0.047382085677196,0.9415056384028964,1.0094349512527518
O2813841502026150,徐汇区_喷淋泵反馈_物联设备信息,公共安全,数据产品,有条件开放,1,54,1.0,0.9488415976517456,0.0075724794461272,0.9412691182056184,1.009539784044449
O2813841502026159,徐汇区_电表监控传感器_物联设备信息,民生服务,数据产品,有条件开放,1,54,1.0,0.953454240486424,0.0123323236694071,0.941121916817017,1.0096446168361464
O2813841502026075,徐汇区虹梅街道_门禁设备_物联设备信息,公共安全,数据产品,有条件开放,1,54,1.0,0.9531397421113325,0.0123323236694071,0.9408074184419254,1.0097494496278436
O2813841502026095,徐汇区_智能面板灯_物联设备信息,城市建设,数据产品,有条件开放,1,54,1.0,0.9570185554041304,0.0163349199480744,0.9406836354560559,1.009854282419541
O2813841502026158,徐汇区_消防泵反馈_物联设备信息,公共安全,数据产品,有条件开放,1,54,1.0,0.9428661285250026,0.0022717438338381,0.9405943846911645,1.0099591152112382
O2813841502026157,徐汇区_红外火灾探测器_物联设备信息,公共安全,数据产品,有条件开放,1,54,1.0,0.9481077681098647,0.0075724794461272,0.9405352886637376,1.0100639480029354
O2813841502026099,徐汇区_卷帘半降_物联设备信息,城市建设,数据产品,有条件开放,1,54,1.0,0.9477932697347732,0.0075724794461272,0.940220790288646,1.0101687807946327
O2813841502026166,徐汇区_消防补风机传感器_物联设备信息,公共安全,数据产品,有条件开放,1,54,1.0,0.9470594401928925,0.0075724794461272,0.9394869607467653,1.01027361358633
O2813841502025074,徐汇区研究和试验发展单位,经济建设,数据产品,有条件开放,1,54,1.0,0.9867910682461474,0.047382085677196,0.9394089825689513,1.0103784463780272
O2813841502026163,徐汇区_中继模块_物联设备信息,公共安全,数据产品,有条件开放,1,54,1.0,0.9416081350246356,0.0022717438338381,0.9393363911907975,1.0104832791697242
O2813841502026171,徐汇区_排烟窗传感器_物联设备信息,公共安全,数据产品,有条件开放,1,54,1.0,0.9415033022329384,0.0022717438338381,0.9392315583991003,1.0105881119614215
O2813841502026141,徐汇区_挡烟垂壁传感器_物联设备信息,公共安全,数据产品,有条件开放,1,54,1.0,0.9554460635286718,0.0163349199480744,0.9391111435805974,1.0106929447531188
O2813841502025093,徐汇区建筑安装业单位,经济建设,数据产品,有条件开放,1,54,1.0,0.9855330747457804,0.047382085677196,0.9381509890685844,1.010797777544816
O2813841502026149,徐汇区_线型感温探测器_物联设备信息,公共安全,数据产品,有条件开放,1,54,1.0,0.9543977356116994,0.0163349199480744,0.938062815663625,1.0109026103365133
O2813841502026045,徐汇区虹梅街道_模块_物联设备信息,公共安全,数据产品,有条件开放,1,54,1.0,0.9585910472795892,0.0205538727823453,0.9380371744972439,1.0110074431282106
O2813841502026173,徐汇区_裂缝监测传感器_物联设备信息,公共安全,数据产品,有条件开放,1,54,1.0,0.9455917811091308,0.0075724794461272,0.9380193016630036,1.0111122759199076
O2813841502026128,徐汇区_电气火灾监控报警器_物联设备信息,公共安全,数据产品,有条件开放,1,54,1.0,0.970227487157983,0.0323453050627434,0.9378821820952397,1.0112171087116049
O2813841502026104,徐汇区_蓝牙基站_物联设备信息,公共安全,数据产品,有条件开放,1,54,1.0,0.9540832372366076,0.0163349199480744,0.9377483172885333,1.0113219415033021
O2813841502026147,徐汇区_消防水泵_物联设备信息,公共安全,数据产品,有条件开放,1,54,1.0,0.945172449942342,0.0075724794461272,0.9375999704962148,1.0114267742949994
O2813841502026124,徐汇区_控制模块(应急照明强启)_物联设备信息,民生服务,数据产品,有条件开放,1,54,1.0,0.9794527728273404,0.0424058848983124,0.937046887929028,1.0115316070866966
O2813841502026123,徐汇区_气体检测传感器_物联设备信息,公共安全,数据产品,有条件开放,1,54,1.0,0.969388824824405,0.0323453050627434,0.9370435197616617,1.011636439878394
O2813841502025075,徐汇区科技推广和应用服务业单位,经济建设,数据产品,有条件开放,1,54,1.0,0.9792955236397946,0.0424058848983124,0.9368896387414821,1.0117412726700912
O2813841502026154,徐汇区_报警阀_物联设备信息,公共安全,数据产品,有条件开放,1,54,1.0,0.944333787608764,0.0075724794461272,0.9367613081626368,1.0118461054617884
O2813841502026041,徐汇区湖南街道_火灾烟雾探测传感器_物联设备信息,公共安全,数据产品,有条件开放,1,54,1.0,0.9690743264493134,0.0323453050627434,0.93672902138657,1.0119509382534857
O2813841502026165,徐汇区_打印机_物联设备信息,民生服务,数据产品,有条件开放,1,54,1.0,0.9385679840654156,0.0022717438338381,0.9362962402315775,1.012055771045183
O2813841502026144,徐汇区_声光警报传感器_物联设备信息,公共安全,数据产品,有条件开放,1,54,1.0,0.9567040570290388,0.0205538727823453,0.9361501842466935,1.0121606038368802
O2813841502026170,徐汇区_消防水池_物联设备信息,公共安全,数据产品,有条件开放,1,54,1.0,0.9383583184820212,0.0022717438338381,0.9360865746481831,1.0122654366285775
O2813841502025073,徐汇区电气机械和器材制造业单位,经济建设,数据产品,有条件开放,1,54,1.0,0.9927665373728902,0.0567935958459541,0.9359729415269361,1.0123702694202747
O2813841502026105,徐汇区_门禁释放_物联设备信息,公共安全,数据产品,有条件开放,1,54,1.0,0.9564943914456442,0.0205538727823453,0.9359405186632989,1.012475102211972
O2813841502026168,徐汇区_泡沫液泵_物联设备信息,公共安全,数据产品,有条件开放,1,54,1.0,0.9380438201069294,0.0022717438338381,0.9357720762730913,1.0125799350036693
O2813841502026148,徐汇区_放气指示灯_物联设备信息,民生服务,数据产品,有条件开放,1,54,1.0,0.9519865814026628,0.0163349199480744,0.9356516614545884,1.0126847677953665
O2813841502026143,徐汇区_抓拍摄像机_物联设备信息,公共安全,数据产品,有条件开放,1,54,1.0,0.9514624174441766,0.0163349199480744,0.9351274974961021,1.0127896005870638
O2813841502025096,徐汇区教育单位,经济建设,数据产品,有条件开放,1,54,1.0,0.9819687598280742,0.047382085677196,0.9345866741508781,1.0128944333787608
O2813841502025103,徐汇区餐饮业单位,经济建设,数据产品,有条件开放,1,54,1.0,0.9911940454974316,0.0567935958459541,0.9344004496514775,1.012999266170458
O2813841502026142,徐汇区_气体灭火控制器_物联设备信息,公共安全,数据产品,有条件开放,1,54,1.0,0.9563895586539468,0.0240155776720034,0.9323739809819435,1.0131040989621554
O2813841502025112,徐汇区单位食堂企业,民生服务,数据产品,有条件开放,1,54,1.0,0.993081035747982,0.0612289052358286,0.9318521305121534,1.0132089317538526
O2813841502026155,徐汇区_智能手环（守护宝）_物联设备信息,民生服务,数据产品,有条件开放,1,54,1.0,0.9558653946954608,0.0240155776720034,0.9318498170234575,1.0133137645455499
O2813841502026146,徐汇区_排烟阀口传感器_物联设备信息,民生服务,数据产品,有条件开放,1,54,1.0,0.9510430862773877,0.0205538727823453,0.9304892134950423,1.013418597337247
O2813841502026126,徐汇区_探测回路控制器_物联设备信息,公共安全,数据产品,有条件开放,1,54,1.0,0.9581717161128,0.0276936391172652,0.9304780769955349,1.0135234301289442
O2813841502026145,徐汇区_压力计_物联设备信息,民生服务,数据产品,有条件开放,1,54,1.0,0.9461159450676172,0.0163349199480744,0.9297810251195429,1.0136282629206415
O2813841502026137,徐汇区_管网监测传感器_物联设备信息,公共安全,数据产品,有条件开放,1,54,1.0,0.9503092567355068,0.0205538727823453,0.9297553839531615,1.0137330957123387
O2813841502026136,徐汇区_常闭送风口_物联设备信息,城市建设,数据产品,有条件开放,1,54,1.0,0.94601111227592,0.0163349199480744,0.9296761923278456,1.013837928504036
O2813841502025099,徐汇区货币金融服务单位,经济建设,数据产品,有条件开放,1,54,1.0,0.9863717370793584,0.0567935958459541,0.9295781412334043,1.0139427612957332
O2813841502026169,徐汇区_无线摄像机_物联设备信息,公共安全,数据产品,有条件开放,1,54,1.0,0.936576161023168,0.0075724794461272,0.9290036815770408,1.0140475940874305
O2813841502025066,徐汇区广播、电视、电影和录音制作业单位,经济建设,数据产品,有条件开放,1,54,1.0,0.9942341964566516,0.0653396797922977,0.9288945166643539,1.0141524268791278
O2813841502026098,徐汇区_睡眠仪_物联设备信息,卫生健康,数据产品,有条件开放,1,54,1.0,0.9603732047384422,0.0323453050627434,0.9280278996756989,1.014257259670825
O2813841502025088,徐汇区住宿业单位,经济建设,数据产品,有条件开放,1,54,1.0,0.984484746828808,0.0567935958459541,0.9276911509828539,1.0143620924625223
O2813841502026131,徐汇区_水压监测传感器_物联设备信息,民生服务,数据产品,有条件开放,1,54,1.0,0.9699129887828912,0.0424058848983124,0.9275071038845788,1.0144669252542196
O2813841502026140,徐汇区_全景鹰眼_物联设备信息,公共安全,数据产品,有条件开放,1,54,1.0,0.9478981025264704,0.0205538727823453,0.9273442297441251,1.0145717580459168
O2813841502026082,徐汇区湖南街道_门禁设备_物联设备信息,公共安全,数据产品,有条件开放,1,54,1.0,0.9513575846524792,0.0240155776720034,0.9273420069804759,1.014676590837614
O2813841502026084,徐汇区湖南街道_输入模块_物联设备信息,公共安全,数据产品,有条件开放,1,54,1.0,0.9474787713596812,0.0205538727823453,0.9269248985773358,1.0147814236293113
O2813841502026081,徐汇区凌云街道_模块_物联设备信息,公共安全,数据产品,有条件开放,1,54,1.0,0.9462207778593144,0.0205538727823453,0.925666905076969,1.0148862564210086
O2813841502026038,徐汇区天平街道_手动火灾报警按钮_物联设备信息,公共安全,数据产品,有条件开放,1,54,1.0,0.9677115001572492,0.0424058848983124,0.9253056152589367,1.0149910892127059
O2813841502026029,徐汇区漕河泾街道_火灾烟雾探测传感器_物联设备信息,城市建设,数据产品,有条件开放,1,54,1.0,0.9670825034070656,0.0424058848983124,0.9246766185087532,1.0150959220044031
O2813841502026176,徐汇区_温度检测传感器_物联设备信息,公共安全,数据产品,有条件开放,1,54,1.0,0.9407694726910578,0.0163349199480744,0.9244345527429834,1.0152007547961002
O2813841502025089,徐汇区公共设施管理业单位,经济建设,数据产品,有条件开放,1,54,1.0,0.9856379075374776,0.0612289052358286,0.924409002301649,1.0153055875877974
O2813841502026132,徐汇区_消防水箱_物联设备信息,公共安全,数据产品,有条件开放,1,54,1.0,0.9518817486109656,0.0276936391172652,0.9241881094937004,1.0154104203794947
O2813841502026175,徐汇区_水浸探测传感器_物联设备信息,公共安全,数据产品,有条件开放,1,54,1.0,0.9400356431491772,0.0163349199480744,0.9237007232011027,1.015515253171192
O2813841502026096,徐汇区_应急照明_物联设备信息,城市建设,数据产品,有条件开放,1,54,1.0,0.955970227487158,0.0323453050627434,0.9236249224244146,1.0156200859628892
O2813841502025101,徐汇区通用设备制造业单位,经济建设,数据产品,有条件开放,1,54,1.0,0.9874200649963308,0.0653396797922977,0.9220803852040331,1.0157249187545865
O2813841502026174,徐汇区_市政管网压力_物联设备信息,公共安全,数据产品,有条件开放,1,54,1.0,0.9423419645665164,0.0205538727823453,0.9217880917841711,1.0158297515462835
O2813841502025111,徐汇区餐饮服务企业,经济建设,数据产品,有条件开放,1,54,1.0,0.9921375406227068,0.0704240588489831,0.9217134817737237,1.0159345843379808
O2813841502026088,徐汇区长桥街道_感温探测器_物联设备信息,公共安全,数据产品,有条件开放,1,54,1.0,0.9453821155257364,0.0240155776720034,0.921366537853733,1.016039417129678
O2813841502026070,徐汇区华泾镇_模块_物联设备信息,公共安全,数据产品,有条件开放,1,54,1.0,0.9578572177377084,0.037321505841627,0.9205357118960814,1.0161442499213753
O2813841502026087,徐汇区龙华街道_模块_物联设备信息,公共安全,数据产品,有条件开放,1,54,1.0,0.9675018345738547,0.047382085677196,0.9201197488966587,1.0162490827130726
O2813841502026101,徐汇区_智慧电表_物联设备信息,城市建设,数据产品,有条件开放,1,54,1.0,0.9476884369430758,0.0276936391172652,0.9199947978258106,1.0163539155047698
O2813841502025063,徐汇区国际组织单位,经济建设,数据产品,有条件开放,1,54,1.0,0.9890973896634868,0.0704240588489831,0.9186733308145038,1.016458748296467
O2813841502025108,徐汇区律师事务所,经济建设,数据产品,有条件开放,1,54,1.0,0.9550267323618828,0.037321505841627,0.9177052265202559,1.0165635810881644
O2813841502025081,徐汇区道路运输业单位,经济建设,数据产品,有条件开放,1,54,1.0,0.9742111332424782,0.0567935958459541,0.9174175373965241,1.0166684138798616
O2813841502026106,徐汇区_网关_物联设备信息,城市建设,数据产品,有条件开放,1,54,1.0,0.9410839710661496,0.0240155776720034,0.9170683933941463,1.0167732466715589
O2813841502026086,徐汇区天平街道_输入模块_物联设备信息,公共安全,数据产品,有条件开放,1,54,1.0,0.944753118775553,0.0276936391172652,0.9170594796582878,1.0168780794632561
O2813841502026134,徐汇区_新风机_物联设备信息,城市建设,数据产品,有条件开放,1,54,1.0,0.9442289548170668,0.0276936391172652,0.9165353156998016,1.0169829122549534
O2813841502026133,徐汇区_半球摄像机_物联设备信息,公共安全,数据产品,有条件开放,1,54,1.0,0.9484222664849564,0.0323453050627434,0.9160769614222131,1.0170877450466507
O2813841502025098,徐汇区电信、广播电视和卫星传输服务单位,经济建设,数据产品,有条件开放,1,54,1.0,0.9920327078310096,0.0761575075724794,0.9158752002585302,1.017192577838348
O2813839472025061,金山区博物馆活动表,文化休闲,数据接口,无条件开放,1,54,1.0,0.947373938567984,0.0324450772986167,0.9149288612693673,1.0172974106300452
O2813841502026125,徐汇区_人体活动探测传感器_物联设备信息,公共安全,数据产品,有条件开放,1,54,1.0,0.9650906803648182,0.0519255733448723,0.9131651070199458,1.0174022434217425
O2813841502025097,徐汇区文化艺术业单位,经济建设,数据产品,有条件开放,1,54,1.0,0.9885732257050004,0.0761575075724794,0.912415718132521,1.0175070762134397
O2813839472025069,金山区博物馆活动场次表,文化休闲,数据接口,无条件开放,1,54,1.0,0.9445434531921584,0.0324450772986167,0.9120983758935417,1.0176119090051368
O2813841502026130,徐汇区_感声火灾探测器_物联设备信息,公共安全,数据产品,有条件开放,1,54,1.0,0.9593248768214696,0.047382085677196,0.9119427911442736,1.017716741796834
O2813841502026112,徐汇区_可燃气体探测传感器_物联设备信息,公共安全,数据产品,有条件开放,1,54,1.0,0.96844532969913,0.0567935958459541,0.9116517338531759,1.0178215745885313
O2813841502025116,徐汇区企业股权冻结信息,经济建设,数据产品,有条件开放,1,54,1.0,0.9666631722402768,0.0567935958459541,0.9098695763943226,1.0179264073802285
O2813841502026036,徐汇区徐家汇街道_门禁设备_物联设备信息,公共安全,数据产品,有条件开放,1,54,1.0,0.96121186707202,0.0519255733448723,0.9092862937271478,1.0180312401719258
O2813841502025109,徐汇区内资企业信息,经济建设,数据产品,有条件开放,1,54,1.0,0.981025264702799,0.0761575075724794,0.9048677571303196,1.018136072963623
O2813841502025100,徐汇区软件和信息技术服务业单位,经济建设,数据产品,有条件开放,1,54,1.0,0.9792955236397946,0.0761575075724794,0.9031380160673151,1.0182409057553201
O2813841502025084,徐汇区零售业单位,经济建设,数据产品,有条件开放,1,54,1.0,0.9732676381172032,0.0704240588489831,0.9028435792682201,1.0183457385470174
O2813841502026120,徐汇区_冲击震动监测传感器_物联设备信息,公共安全,数据产品,有条件开放,1,54,1.0,0.9727434741587168,0.0704240588489831,0.9023194153097337,1.0184505713387146
O2813841502026129,徐汇区_警报装置_物联设备信息,公共安全,数据产品,有条件开放,1,54,1.0,0.9509382534856904,0.0519255733448723,0.899012680140818,1.018555404130412
O2813841502026121,徐汇区_井盖监控传感器_物联设备信息,公共安全,数据产品,有条件开放,1,54,1.0,0.968969493657616,0.0704240588489831,0.8985454348086329,1.0186602369221092
O2813841502025015,徐汇区枫林街道养老机构信息,民生服务,数据产品,有条件开放,1,54,1.0,0.9224237341440402,0.0276936391172652,0.894730095026775,1.0187650697138064
O2813841502025107,徐汇区民办非单位,机构团体,数据产品,有条件开放,1,54,1.0,0.9418178006080302,0.047382085677196,0.8944357149308342,1.0188699025055037
O2813841502025018,徐汇区华泾镇养老机构信息,民生服务,数据产品,有条件开放,1,54,1.0,0.9267218786036272,0.0323453050627434,0.8943765735408838,1.018974735297201
O2813841502025003,徐汇区虹梅街道楼宇基础信息表,民生服务,数据产品,有条件开放,1,54,1.0,0.921899570185554,0.0276936391172652,0.8942059310682888,1.0190795680888982
O2813841502025023,徐汇区田林街道养老机构信息,民生服务,数据产品,有条件开放,1,54,1.0,0.920379494705944,0.0276936391172652,0.8926858555886789,1.0191844008805955
O2813841502026089,徐汇区天平街道_模块_物联设备信息,公共安全,数据产品,有条件开放,1,54,1.0,0.9494705944019288,0.0567935958459541,0.8926769985559747,1.0192892336722927
O2813841502025105,徐汇区基层工会单位,机构团体,数据产品,有条件开放,1,54,1.0,0.9437047908585806,0.0519255733448723,0.8917792175137083,1.01939406646399
O2813841502025008,徐汇区龙华街道楼宇基础信息表,民生服务,数据产品,有条件开放,1,54,1.0,0.9156096026837196,0.0240155776720034,0.8915940250117163,1.0194988992556873
O2813841502026113,徐汇区_消火栓泵_物联设备信息,公共安全,数据产品,有条件开放,1,54,1.0,0.955550896320369,0.0653396797922977,0.8902112165280713,1.0196037320473845
O2813841502026110,徐汇区_智能水表_物联设备信息,城市建设,数据产品,有条件开放,1,54,1.0,0.9441241220253695,0.0567935958459541,0.8873305261794154,1.0197085648390818
O2813841502025009,徐汇区天平街道楼宇基础信息表,民生服务,数据产品,有条件开放,1,54,1.0,0.9141943599958068,0.0276936391172652,0.8865007208785416,1.0198658140266277
O2813841502025011,徐汇区斜土街道楼宇基础信息表,民生服务,数据产品,有条件开放,1,54,1.0,0.9141943599958068,0.0276936391172652,0.8865007208785416,1.0198658140266277
O2813841502025019,徐汇区康健街道养老机构信息,民生服务,数据产品,有条件开放,1,54,1.0,0.9225285669357376,0.037321505841627,0.8852070610941106,1.0200230632141734
O2813841502025012,徐汇区徐家汇街道楼宇基础信息表,民生服务,数据产品,有条件开放,1,54,1.0,0.9222140685606458,0.037321505841627,0.8848925627190188,1.0201278960058706
O2813841502026083,徐汇区长桥街道_手动火灾报警按钮_物联设备信息,公共安全,数据产品,有条件开放,1,54,1.0,0.9608973686969284,0.0761575075724794,0.884739861124449,1.0202327287975679
O2813841502025020,徐汇区凌云街道养老机构信息,民生服务,数据产品,有条件开放,1,54,1.0,0.9211657406436732,0.037321505841627,0.8838442348020462,1.0203375615892651
O2813841502025022,徐汇区天平街道养老机构信息,民生服务,数据产品,有条件开放,1,54,1.0,0.9196456651640632,0.037321505841627,0.8823241593224362,1.0204423943809624
O2813841502025025,徐汇区徐家汇街道养老机构信息,民生服务,数据产品,有条件开放,1,54,1.0,0.9241010588111962,0.0424058848983124,0.8816951739128838,1.0205472271726594
O2813841502025005,徐汇区华泾镇楼宇基础信息表,民生服务,数据产品,有条件开放,1,54,1.0,0.9187545864346368,0.037321505841627,0.8814330805930098,1.0206520599643567
O2813841502026085,徐汇区康健街道_输入模块_物联设备信息,公共安全,数据产品,有条件开放,1,54,1.0,0.9449627843589474,0.0653396797922977,0.8796231045666497,1.020756892756054
O2813841502025021,徐汇区龙华街道养老机构信息,民生服务,数据产品,有条件开放,1,54,1.0,0.9217947373938568,0.0424058848983124,0.8793888524955443,1.0208617255477512
O2813841502025010,徐汇区田林街道楼宇基础信息表,民生服务,数据产品,有条件开放,1,54,1.0,0.9157144354754168,0.037321505841627,0.8783929296337898,1.0209665583394485
O2813841502025002,徐汇区枫林街道楼宇基础信息表,民生服务,数据产品,有条件开放,1,54,1.0,0.914980605933536,0.037321505841627,0.8776591000919091,1.0210713911311458
O2813841502025114,徐汇区基金会,机构团体,数据产品,有条件开放,1,54,1.0,0.9774609497850928,0.0999567286888792,0.8775042210962136,1.021176223922843
O2813841502025016,徐汇区虹梅街道养老机构信息,民生服务,数据产品,有条件开放,1,54,1.0,0.918859419226334,0.0424058848983124,0.8764535343280215,1.0212810567145403
O2813841502025004,徐汇区湖南街道楼宇基础信息表,民生服务,数据产品,有条件开放,1,54,1.0,0.9136177796414718,0.037321505841627,0.8762962737998449,1.0213858895062375
O2813841502025017,徐汇区湖南街道养老机构信息,民生服务,数据产品,有条件开放,1,54,1.0,0.918440088059545,0.0424058848983124,0.8760342031612326,1.0214907222979348
O2813841502025013,徐汇区长桥街道楼宇基础信息表,民生服务,数据产品,有条件开放,1,54,1.0,0.9104727958905544,0.037321505841627,0.8731512900489274,1.021595555089632
O2813841502026135,徐汇区_垃圾车GPS_物联设备信息,城市建设,数据产品,有条件开放,1,54,1.0,0.9483174336932592,0.0761575075724794,0.8721599261207797,1.0217003878813293
O2813841502025113,徐汇区食品销售企业,民生服务,数据产品,有条件开放,1,54,1.0,0.995282524373624,0.12321505841627,0.872067465957354,1.0218052206730266
O2813841502025014,徐汇区漕河泾街道养老机构信息,民生服务,数据产品,有条件开放,1,54,1.0,0.9232623964776182,0.0519255733448723,0.8713368231327459,1.0219100534647239
O2813841502025115,徐汇区企业环保处罚信息,经济建设,数据产品,有条件开放,1,54,1.0,0.9552363979452771,0.0874080484638684,0.8678283494814087,1.0220148862564211
O2813841502025006,徐汇区康健街道楼宇基础信息表,民生服务,数据产品,有条件开放,1,54,1.0,0.9075374777230316,0.0424058848983124,0.8651315928247192,1.0221197190481184
O2813841502026180,徐汇区智慧健康驿站地址分布管理数据汇总,民生服务,数据产品,无条件开放,1,54,1.0,0.8672816857112905,0.0022717438338381,0.8650099418774524,1.0222245518398156
O2813841502026119,徐汇区_火灾显示盘传感器_物联设备信息,公共安全,数据产品,有条件开放,1,54,1.0,0.9701226543662858,0.1055819991345737,0.8645406552317121,1.0223293846315127
O2813841502025110,徐汇区外资企业信息,经济建设,数据产品,有条件开放,1,54,1.0,0.9955970227487158,0.1384681955863262,0.8571288271623896,1.02243421742321
O2813841502025104,徐汇区献血点,民生服务,数据产品,有条件开放,1,54,1.0,0.8859419226333998,0.0323453050627434,0.8535966175706564,1.0225390502149072
O2813841502026118,徐汇区_动力电源_物联设备信息,民生服务,数据产品,有条件开放,1,54,1.0,0.965929342698396,0.1154262224145391,0.8505031202838569,1.0226438830066045
O2813841502026122,徐汇区_楼层显示器_物联设备信息,城市建设,数据产品,有条件开放,1,54,1.0,0.960687703113534,0.1108827347468628,0.8498049683666712,1.0227487157983017
O2813841502025118,徐汇区企业著作权关系信息,经济建设,数据产品,有条件开放,1,54,1.0,0.9363664954397736,0.0874080484638684,0.8489584469759052,1.022853548589999
O2813841502025106,徐汇区社会团体信息,机构团体,数据产品,有条件开放,1,54,1.0,0.9399308103574798,0.0931414971873647,0.8467893131701152,1.022958381381696
O2813841502025120,徐汇区居民委员会,机构团体,数据产品,有条件开放,1,54,1.0,0.9813397630778908,0.1345737775854608,0.8467659854924301,1.0230632141733933
O2813841502025052,徐汇区斜土街道公共法律服务机构,民生服务,数据产品,无条件开放,1,54,1.0,0.9630988573225704,0.1182388576373864,0.844859999685184,1.0231680469650906
O2813839472025066,金山区博物馆活动留言表,文化休闲,数据接口,无条件开放,1,54,1.0,0.9500995911521124,0.1057770545158665,0.8443225366362459,1.0232728797567878
O2813841502025024,徐汇区斜土街道养老机构信息,民生服务,数据产品,有条件开放,1,54,1.0,0.920379494705944,0.0761575075724794,0.8442219871334646,1.023377712548485
O2813841502025055,徐汇区天平街道公共法律服务机构,民生服务,数据产品,无条件开放,1,54,1.0,0.9636230212810568,0.1213760276936391,0.8422469935874177,1.0234825453401823
O2813838802025124,嘉定区流动消防站表,公共安全,数据产品,有条件开放,1,54,1.0,0.8831114372575741,0.0424058848983124,0.8407055523592617,1.0235873781318796
O2813841502025053,徐汇区长桥街道公共法律服务机构,民生服务,数据产品,无条件开放,1,54,1.0,0.9656148443233044,0.1251622674167027,0.8404525769066017,1.0236922109235769
O2813841502025054,徐汇区华泾镇公共法律服务机构,民生服务,数据产品,无条件开放,1,54,1.0,0.9601635391550476,0.1251622674167027,0.8350012717383449,1.0237970437152741
O2813841502025050,徐汇区龙华街道公共法律服务机构,民生服务,数据产品,无条件开放,1,54,1.0,0.9638326868644512,0.1300302899177845,0.8338023969466667,1.0239018765069714
O2813842482025001,黄浦区市网格案件信息表,公共安全,数据接口,有条件开放,1,54,1.0,0.9962260194988992,0.1642595606183889,0.8319664588805104,1.0240067092986687
O2813841502026090,徐汇区康健街道_手动火灾报警按钮_物联设备信息,公共安全,数据产品,有条件开放,1,54,1.0,0.9515672502358736,0.11964517524881,0.8319220749870636,1.024111542090366
O2813838802025122,嘉定区微站可视化设备表,公共安全,数据产品,有条件开放,1,54,1.0,0.863612538001887,0.0323453050627434,0.8312672329391436,1.0242163748820632
O6774177612025002,公开募捐资格认定,民生服务,数据接口,无条件开放,1,54,1.0,0.8875144145088584,0.0587876322213181,0.8287267822875403,1.0243212076737604
O2813841502025090,徐汇区卫生单位,卫生健康,数据产品,有条件开放,1,54,1.0,0.9889925568717894,0.1616183470359151,0.8273742098358743,1.0244260404654577
O2813838802025068,嘉定区公共服务app首页配置表,民生服务,数据产品,有条件开放,1,54,1.0,0.8738861515882168,0.047382085677196,0.8265040659110208,1.024530873257155
O2813839472025067,金山区博物馆巡检地面文物记录表,文化休闲,数据接口,无条件开放,1,54,1.0,0.9682356641157354,0.1434092758340114,0.8248263882817239,1.0246357060488522
O2813838802025125,嘉定区道路交通视频表,公共安全,数据产品,有条件开放,1,54,1.0,0.9237865604361044,0.0999567286888792,0.8238298317472252,1.0247405388405493
O2813839472026036,金山区生态环境局执法大队2026年3月份“双随机、一公开”执法检查情况公开,社会发展,数据产品,有条件开放,1,54,1.0,0.9236817276444071,0.0999567286888792,0.823724998955528,1.0248453716322465
O2813841502025051,徐汇区田林街道公共法律服务机构,民生服务,数据产品,无条件开放,1,54,1.0,0.964566516406332,0.1416053656425789,0.8229611507637531,1.0249502044239438
O2813838802025059,嘉定区投资建设项目消息发送表,经济建设,数据产品,有条件开放,1,54,1.0,0.8492504455393647,0.0276936391172652,0.8215568064220995,1.025055037215641
O2813841502025044,徐汇区漕河泾街道公共法律服务机构,民生服务,数据产品,无条件开放,1,54,1.0,0.9688646608659188,0.1482042405884898,0.820660420277429,1.0251598700073383
O2813841502025119,徐汇区企业动产抵押工商公示信息,经济建设,数据产品,有条件开放,1,54,1.0,0.943495125275186,0.12321505841627,0.820280066858916,1.0252647027990356
O2813839472025072,金山区博物馆地面文物巡查登记表,文化休闲,数据接口,无条件开放,1,54,1.0,0.9081664744732152,0.0890968266883645,0.8190696477848507,1.0253695355907326
O2813841502025122,徐汇区企业股权出质信息,经济建设,数据产品,有条件开放,1,54,1.0,0.928818534437572,0.1154262224145391,0.8133923120230329,1.02547436838243
O2813841502025048,徐汇区康健街道公共法律服务机构,民生服务,数据产品,无条件开放,1,54,1.0,0.9642520180312402,0.1529640848117698,0.8112879332194703,1.0255792011741272
O2813841502026092,徐汇区枫林街道_火灾探测器_物联设备信息,公共安全,数据产品,有条件开放,1,54,1.0,0.9424467973582136,0.132085677196019,0.8103611201621945,1.0256840339658244
O2813841502025047,徐汇区湖南街道公共法律服务机构,民生服务,数据产品,无条件开放,1,54,1.0,0.9626795261557816,0.1529640848117698,0.8097154413440117,1.0257888667575217
O2813841502026117,徐汇区_通风空调_物联设备信息,民生服务,数据产品,有条件开放,1,45,0.8333333333333334,0.9653003459482126,0.167027260926006,0.7982730850222066,248.02589369954921
O2813841502025079,徐汇区计算机、通信和其他电子设备制造业单位,经济建设,数据产品,有条件开放,1,45,0.8333333333333334,0.9936051997064682,0.1955863262656858,0.7980188734407824,248.0259985323409
O2813841502026091,徐汇区长桥街道_输入模块_物联设备信息,公共安全,数据产品,有条件开放,1,45,0.8333333333333334,0.9402453087325716,0.1426871484205971,0.7975581603119746,248.02610336513263
O2813838802025112,嘉定区公共空间监控视频信息表,公共安全,数据产品,有条件开放,1,45,0.8333333333333334,0.8584757312087221,0.0612289052358286,0.7972468259728935,248.02620819792432
O2813841502026114,徐汇区_电磁阀_物联设备信息,公共安全,数据产品,有条件开放,1,45,0.8333333333333334,0.953768738861516,0.1568585028126352,0.7969102360488809,248.026313030716
O2813839472026038,金山区2024年“三秋”秸秆离田利用补贴汇总表,经济建设,数据产品,有条件开放,1,45,0.8333333333333334,0.8130831324038159,0.0163349199480744,0.7967482124557415,248.0264178635077
O2813842482026016,黄浦区法人基本信息(产品),经济建设,数据产品,有条件开放,1,45,0.8333333333333334,0.9896215536219728,0.1948290783210731,0.7947924753008997,248.0265226962994
O2813841502025046,徐汇区虹梅街道公共法律服务机构,民生服务,数据产品,无条件开放,1,45,0.8333333333333334,0.9596393751965616,0.1649718736477715,0.7946675015487901,248.0266275290911
O1928138402025151,静安区公共厕所基本信息,城市建设,数据产品,有条件开放,1,45,0.8333333333333334,0.9100534647237656,0.1154262224145391,0.7946272423092264,248.0267323618828
O2813838802025128,嘉定区微型消防站表,公共安全,数据产品,有条件开放,1,45,0.8333333333333334,0.893385050843904,0.0999567286888792,0.7934283221550248,248.0268371946745
O1928138382025415,嘉定区应急管理事件受理表-受理信息表,卫生健康,数据产品,有条件开放,1,45,0.8333333333333334,0.8581612328336303,0.0653396797922977,0.7928215530413326,248.0269420274662
O2813841502026093,徐汇区康健街道_感温探测器_物联设备信息,公共安全,数据产品,有条件开放,1,45,0.8333333333333334,0.940454974315966,0.1508005192557334,0.7896544550602327,248.02704686025788
O1928138382025984,嘉定区环境监测信息,资源环境,数据产品,有条件开放,1,45,0.8333333333333334,0.9378341545235348,0.1500432713111207,0.7877908832124141,248.02715169304957
O2813838802025119,嘉定区预案信息表,公共安全,数据产品,有条件开放,1,45,0.8333333333333334,0.8135024635706049,0.0276936391172652,0.7858088244533397,248.0272565258413
O1928138382025356,嘉定区邻里中心社区服务相关机构,民生服务,数据产品,有条件开放,1,45,0.8333333333333334,0.8364608449523011,0.0519255733448723,0.7845352716074288,248.027361358633
O2813841502025121,徐汇区企业严重违法信息,经济建设,数据产品,有条件开放,1,45,0.8333333333333334,0.92357689485271,0.1406317611423626,0.7829451337103475,248.02746619142468
O1928138382025284,宝山区不按照规定携带车辆营运证处罚信息,公共安全,数据产品,有条件开放,1,45,0.8333333333333334,0.8339448579515673,0.0519255733448723,0.7820192846066949,248.02757102421637
O2813841502025056,徐汇区徐家汇街道公共法律服务机构,民生服务,数据产品,无条件开放,1,45,0.8333333333333334,0.956808889820736,0.1757897014279532,0.7810191883927828,248.02767585700806
O1928138382025365,嘉定区邻里中心文化休闲活动积分商品,民生服务,数据产品,有条件开放,1,45,0.8333333333333334,0.8402348254534018,0.0612289052358286,0.7790059202175732,248.02778068979978
O1928138382025384,嘉定区公务用车-车辆维修信息表,机构团体,数据产品,有条件开放,1,45,0.8333333333333334,0.848935947164273,0.0704240588489831,0.77851188831529,248.02788552259148
O2813841502025049,徐汇区凌云路街道公共法律服务机构,民生服务,数据产品,无条件开放,1,45,0.8333333333333334,0.968025998532341,0.1916919082648204,0.7763340902675205,248.02799035538317
O2813838802025034,嘉定区水厂基本信息表,民生服务,数据产品,有条件开放,1,45,0.8333333333333334,0.8235664115735402,0.0519255733448723,0.7716408382286679,248.02809518817486
O1928138382025407,嘉定区应急管理发布内容表,卫生健康,数据产品,有条件开放,1,45,0.8333333333333334,0.8407589894118881,0.0704240588489831,0.770334930562905,248.02820002096655
O1928138382025364,嘉定区邻里中心文化休闲活动积分兑换,民生服务,数据产品,有条件开放,1,45,0.8333333333333334,0.8404444910367963,0.0704240588489831,0.7700204321878132,248.02830485375824
O1928138382025434,上海市嘉定区卫生健康委员会慢病-管理状态与失访信息,卫生健康,数据产品,有条件开放,1,45,0.8333333333333334,0.8699025055037216,0.0999567286888792,0.7699457768148424,248.02840968654996
O2813841502025045,徐汇区枫林街道公共法律服务机构,民生服务,数据产品,无条件开放,1,45,0.8333333333333334,0.9532445749030296,0.1840112505408914,0.7692333243621382,248.02851451934166
O1928138382025279,宝山区从事非法客运活动第一次被查获处罚信息,民生服务,数据产品,有条件开放,1,45,0.8333333333333334,0.8343641891183562,0.0653396797922977,0.7690245093260585,248.02861935213335
O1928138382025431,嘉定区数字档案馆系统建房用地档案基本信息表,城市建设,数据产品,有条件开放,1,45,0.8333333333333334,0.9046021595555088,0.1365209865858935,0.7680811729696153,248.02882901771673
14243,浦东新区用海主体海域使用监管情况,城市建设,数据产品,有条件开放,1,45,0.8333333333333334,0.9048118251389036,0.139225443530939,0.7655863816079646,248.02893385050845
O2813838802025136,嘉定区邻里中心在线咨询记录表,民生服务,数据产品,有条件开放,1,45,0.8333333333333334,0.8058496697767061,0.0424058848983124,0.7634437848783937,248.02903868330014
O2813841502025007,徐汇区凌云街道楼宇基础信息表,民生服务,数据产品,有条件开放,1,45,0.8333333333333334,0.90722297934794,0.1439852877542189,0.7632376915937211,248.02914351609184
O1928138382025439,嘉定区文化e家活动地点与时间表,文化休闲,数据产品,有条件开放,1,45,0.8333333333333334,0.8660236922109236,0.1055819991345737,0.7604416930763499,248.02924834888353
O1928138382025375,嘉定区邻里中心文化休闲活动投诉回复,民生服务,数据产品,有条件开放,1,45,0.8333333333333334,0.8514519341650069,0.0931414971873647,0.7583104369776421,248.02935318167522
O2813839472026010,金山区“宝宝屋”情况表,民生服务,数据产品,无条件开放,1,45,0.8333333333333334,0.9168675961840864,0.1589138900908697,0.7579537060932167,248.0294580144669
O1928138382025480,嘉定区投促楼宇地址信息,城市建设,数据产品,有条件开放,1,45,0.8333333333333334,0.8671768529195932,0.1108827347468628,0.7562941181727304,248.02966768005032
O1928138382025374,嘉定区邻里中心文化休闲活动投诉登记,民生服务,数据产品,有条件开放,1,45,0.8333333333333334,0.8608868854177587,0.1055819991345737,0.755304886283185,248.02977251284202
O1928138382025289,宝山区未按照规定制作危险货物运单处罚信息,公共安全,数据产品,有条件开放,1,45,0.8333333333333334,0.8120348044868435,0.0567935958459541,0.7552412086408894,248.0298773456337
O2813838802025099,嘉定区公共安全监控视频轮询表,公共安全,数据产品,有条件开放,1,45,0.8333333333333334,0.8478876192473006,0.0931414971873647,0.7547461220599359,248.0299821784254
O1928138382025391,嘉定区文旅嘉定云活动地点信息表,文化休闲,数据产品,有条件开放,1,45,0.8333333333333334,0.8461054617884475,0.0931414971873647,0.7529639646010828,248.03008701121712
O1928138382025281,宝山区未按照规定的周期和频次进行车辆综合性能检测和技术等级评定处罚信息,公共安全,数据产品,有条件开放,1,45,0.8333333333333334,0.8519760981234931,0.0999567286888792,0.7520193694346139,248.0301918440088
O2813839472026007,金山区综合为老服务中心信息,民生服务,数据产品,无条件开放,1,45,0.8333333333333334,0.9201174127267008,0.1681090437040242,0.7520083690226765,248.0302966768005
